Player,Totals_G,Totals_MP,Position Estimate_PG%,Position Estimate_SG%,Position Estimate_SF%,Position Estimate_PF%,Position Estimate_C%,+/- Per 100 Poss._OnCourt,+/- Per 100 Poss._On-Off,Turnovers_BadPass,Turnovers_LostBall,Fouls Committed_Shoot,Fouls Committed_Off.,Fouls Drawn_Shoot,Fouls Drawn_Off.,Misc._PGA,Misc._And1,Misc._Blkd
Precious Achiuwa,44,1047,,,,,100%,1.5,-0.5,10,15,38,11,37,3,125,8,35
Steven Adams,52,1354,,,,,100%,7.9,6.4,46,14,42,15,56,8,354,13,34
Bam Adebayo,30,985,,,,2%,98%,4.3,-0.9,32,25,39,24,94,2,263,24,26
Santi Aldama,27,277,,,3%,63%,34%,3.3,-1.5,4,1,11,4,11,1,40,4,3
LaMarcus Aldridge,36,825,,,,,100%,4.7,6.1,8,8,36,8,39,0,81,16,10
Nickeil Alexander-Walker,50,1317,12%,55%,33%,,,-5.3,-3.2,58,16,39,6,42,11,329,5,41
Grayson Allen,46,1298,8%,81%,12%,,,7.4,6.5,18,4,31,3,24,8,168,5,20
Jarrett Allen,47,1531,,,,,100%,6.2,4.1,31,33,48,11,99,14,203,29,30
Jose Alvarado,27,335,100%,,,,,9.1,14.6,7,3,14,0,7,6,122,2,7
Justin Anderson,6,77,,8%,81%,12%,,26.3,25.1,2,1,6,0,3,0,25,1,0
Justin Anderson,3,47,,6%,75%,19%,,35.7,31.9,1,1,3,0,1,0,17,0,0
Justin Anderson,3,30,,10%,90%,,,11.5,14.5,1,0,3,0,2,0,8,1,0
Kyle Anderson,43,955,,,11%,62%,26%,0.4,-6.6,18,13,26,5,29,3,268,9,15
Giannis Antetokounmpo,46,1499,,,,57%,43%,9.6,12.9,53,42,62,35,240,2,727,54,45
Thanasis Antetokounmpo,33,347,2%,29%,48%,21%,1%,-14.0,-20.7,4,5,26,3,11,6,46,2,11
Carmelo Anthony,50,1327,,,,65%,35%,1.7,6.1,17,6,61,13,43,1,128,8,13
Cole Anthony,42,1396,99%,1%,,,,-4.7,7.8,69,36,58,3,65,12,629,15,31
OG Anunoby,38,1413,5%,28%,59%,8%,,3.3,3.4,32,23,47,9,40,5,252,8,39
Trevor Ariza,18,350,,,39%,59%,2%,-3.4,-2.2,3,3,12,0,3,3,61,1,3
D.J. Augustin,34,510,100%,,,,,-13.9,-5.5,33,8,8,1,9,1,181,2,5
Deni Avdija,53,1206,,6%,60%,34%,,2.0,9.6,25,12,69,3,31,2,199,8,19
Joel Ayayi,7,20,20%,51%,29%,,,0.2,3.3,0,0,0,0,0,0,11,0,2
Deandre Ayton,33,967,,,,,100%,6.1,-3.1,14,18,43,16,45,1,128,12,22
Udoka Azubuike,13,149,,,,,100%,0.6,-6.4,2,2,8,4,5,0,0,3,2
Marvin Bagley III,30,656,,,,78%,22%,-2.9,2.4,4,4,32,7,24,5,45,9,21
LaMelo Ball,49,1589,96%,4%,,,,-0.7,0.6,92,27,51,13,61,12,868,13,34
Lonzo Ball,35,1212,82%,18%,,,,2.8,1.2,57,15,41,7,13,4,408,5,18
Mo Bamba,45,1180,,,,2%,98%,-11.6,-5.6,24,14,74,10,23,2,143,3,20
Desmond Bane,52,1564,,54%,45%,1%,,4.6,0.0,32,22,57,9,30,1,322,10,44
Dalano Banton,43,505,3%,33%,53%,11%,1%,0.0,-2.3,17,11,20,9,12,1,167,2,14
Cat Barber,3,13,100%,,,,,35.7,35.2,0,1,1,0,1,0,8,0,1
Harrison Barnes,52,1755,,,42%,57%,1%,-7.4,-7.4,37,32,28,10,134,12,316,34,36
Scottie Barnes,45,1620,,,25%,65%,10%,1.5,-0.9,54,15,58,8,68,10,374,17,24
RJ Barrett,48,1587,,1%,96%,4%,,-5.5,-11.1,50,30,50,7,111,11,298,21,64
Will Barton,47,1533,,63%,36%,1%,,1.3,-2.0,48,29,41,8,37,6,450,6,36
Paris Bass,2,7,,,100%,,,12.5,4.5,1,1,1,0,1,0,0,0,2
Charles Bassey,22,161,,,,19%,81%,-10.1,-13.1,1,4,20,0,6,0,18,1,2
Keita Bates-Diop,42,701,,,16%,80%,4%,2.3,3.3,13,10,20,2,21,0,60,6,18
Nicolas Batum,35,871,,,,86%,14%,-5.9,-6.7,19,1,15,2,12,9,129,3,2
Kent Bazemore,31,455,,19%,66%,14%,,-8.0,-7.8,7,2,31,0,7,6,71,1,0
Darius Bazley,49,1309,,,11%,82%,7%,-10.8,-7.4,28,28,28,5,62,3,144,13,58
Bradley Beal,40,1439,16%,83%,1%,,,-3.2,-0.3,77,38,50,10,86,17,623,16,34
Malik Beasley,55,1421,19%,72%,8%,,,-2.6,-9.0,11,17,37,6,10,4,206,1,27
Jordan Bell,1,2,,,,,100%,25.0,22.9,0,0,2,0,0,0,0,0,0
DeAndre' Bembry,48,949,,15%,65%,20%,,1.6,1.8,17,5,40,5,17,7,142,3,22
Dāvis Bertāns,34,501,,,,81%,20%,-4.9,-2.3,8,4,28,2,6,4,37,1,0
Patrick Beverley,36,931,97%,3%,,,,5.4,6.0,30,4,40,3,23,21,438,6,15
Saddiq Bey,54,1807,,8%,46%,47%,,-11.6,-4.6,30,10,26,15,68,5,356,16,37
Khem Birch,27,508,,,,,100%,2.5,0.8,4,6,17,7,19,2,76,6,8
Goga Bitadze,32,359,,,,,100%,-2.0,1.0,11,5,26,5,25,2,47,10,12
Bismack Biyombo,15,290,,,,,100%,9.1,1.2,4,2,16,3,21,0,34,7,4
Nemanja Bjelica,49,755,,,,,100%,6.3,-2.4,26,15,40,10,27,0,213,6,15
Eric Bledsoe,54,1361,100%,,,,,-1.4,0.0,66,35,25,10,61,23,550,23,19
Keljin Blevins,12,73,,66%,34%,1%,,-29.1,-25.3,4,1,3,0,0,0,9,0,0
Bogdan Bogdanović,36,1027,,51%,49%,,,1.3,1.0,22,10,25,2,12,3,245,2,10
Bojan Bogdanović,53,1641,,,5%,94%,1%,5.2,-3.6,32,36,29,8,72,4,232,17,50
Bol Bol,14,81,,,,14%,86%,1.7,-0.4,0,1,4,0,2,0,12,1,1
Leandro Bolmaro,25,188,,28%,53%,19%,,-8.6,-10.9,8,1,7,1,2,0,26,1,1
Isaac Bonga,13,66,3%,49%,44%,4%,,-23.3,-25.8,1,1,4,0,3,0,8,0,2
Devin Booker,47,1598,,84%,15%,,,9.1,2.9,64,30,56,9,87,7,489,23,41
Brandon Boston Jr.,39,605,6%,39%,53%,3%,,-3.3,-2.5,10,8,17,0,22,2,80,4,24
Chris Boucher,51,1028,,8%,48%,40%,4%,5.6,6.2,8,9,75,4,57,15,47,15,25
James Bouknight,25,249,36%,49%,15%,,,-13.4,-13.6,3,4,10,0,10,4,45,2,13
Avery Bradley,48,1139,19%,81%,,,,-3.4,-3.3,19,6,31,3,5,7,93,1,17
Tony Bradley,41,474,,,,,100%,8.2,7.4,4,7,24,14,11,2,51,2,16
Ignas Brazdeikis,25,228,5%,24%,51%,21%,,-3.6,5.3,5,0,16,1,3,3,49,0,4
Mikal Bridges,54,1877,,4%,92%,4%,,10.2,7.7,26,9,44,4,43,14,274,16,17
Miles Bridges,54,1941,,,4%,81%,15%,1.3,8.1,47,30,71,15,104,10,478,28,41
Oshae Brissett,43,822,,,22%,75%,3%,-4.8,-2.7,13,11,25,4,34,5,77,7,17
Malcolm Brogdon,28,934,75%,25%,,,,1.3,6.4,40,11,23,6,38,6,403,8,26
Armoni Brooks,41,690,58%,39%,3%,,,-6.4,4.0,10,7,35,1,8,3,115,3,4
Dillon Brooks,21,587,,12%,83%,4%,,8.8,5.4,7,17,29,7,32,12,127,6,22
Bruce Brown,45,924,,36%,55%,9%,,-4.0,-7.0,15,9,56,5,24,3,131,8,20
Charlie Brown Jr.,17,166,5%,60%,33%,1%,,-1.0,-3.0,4,1,11,0,4,0,13,2,4
Charlie Brown Jr.,3,15,,35%,51%,14%,,-86.4,-90.2,0,0,1,0,0,0,2,0,0
Charlie Brown Jr.,14,151,6%,63%,32%,,,7.5,5.7,4,1,10,0,4,0,11,2,4
Chaundee Brown Jr.,5,104,,34%,61%,5%,,-7.7,-8.2,0,1,4,0,2,1,9,0,3
Chaundee Brown Jr.,2,21,,4%,71%,25%,,-2.3,-0.8,0,1,0,0,0,1,0,0,1
Chaundee Brown Jr.,3,83,1%,41%,59%,,,-9.1,-10.1,0,0,4,0,2,0,9,0,2
Greg Brown III,25,173,,,,81%,19%,-13.2,-9.4,1,3,11,2,14,3,14,2,6
Jaylen Brown,42,1435,,39%,50%,11%,,8.5,7.6,50,47,46,13,96,10,324,22,55
Moses Brown,26,169,,,,2%,98%,0.6,-2.8,1,2,14,6,18,0,2,3,5
Sterling Brown,36,513,,16%,57%,27%,,2.6,-0.8,7,9,20,2,5,1,71,1,11
Troy Brown Jr.,44,782,,4%,58%,38%,,-1.3,-4.9,10,6,24,1,14,2,128,5,17
Jalen Brunson,54,1708,94%,6%,,,,3.5,0.9,56,19,41,10,47,30,739,15,28
Thomas Bryant,11,177,,,,,100%,-21.5,-19.8,6,0,13,1,8,0,14,1,3
Shaq Buchanan,2,10,,100%,,,,-8.7,-13.4,1,0,1,0,0,0,4,0,1
Reggie Bullock,47,1164,,16%,57%,27%,,8.0,8.5,17,5,29,1,7,5,118,3,10
Trey Burke,30,334,100%,,,,,1.0,-2.5,12,6,17,2,6,3,107,0,5
Alec Burks,54,1445,24%,34%,42%,,,2.4,7.5,38,8,57,5,80,11,332,19,19
Jared Butler,26,206,36%,60%,4%,,,-8.3,-16.1,11,8,14,2,4,0,71,1,5
Jimmy Butler,36,1215,,,66%,33%,1%,5.5,1.3,44,17,15,11,120,12,561,23,21
Devontae Cacok,8,67,,,,94%,6%,4.9,5.2,0,0,5,1,3,0,4,1,2
Kentavious Caldwell-Pope,50,1461,1%,25%,74%,,,-6.0,-6.9,29,25,43,3,27,16,185,9,19
Facundo Campazzo,51,1024,100%,,,,,-10.3,-20.5,46,8,37,5,18,23,469,4,7
Vlatko Čančar,14,152,,5%,28%,39%,28%,2.7,0.6,4,2,9,2,5,2,35,0,2
Clint Capela,46,1295,,,,,100%,2.9,4.4,9,8,50,5,57,6,157,12,27
Vernon Carey Jr.,4,17,,,,34%,66%,-56.1,-55.5,1,0,1,0,2,0,0,1,0
Jevon Carter,41,484,63%,37%,,,,1.8,1.6,12,2,17,1,1,1,94,0,3
Wendell Carter Jr.,47,1376,,,,62%,38%,-4.3,8.4,28,24,59,20,66,2,299,15,25
Alex Caruso,28,775,27%,69%,5%,,,9.0,9.8,26,11,33,2,23,19,259,7,13
Willie Cauley-Stein,18,177,,,,,100%,5.2,2.1,2,2,11,2,1,0,23,0,6
Ahmad Caver,1,1,100%,,,,,100.0,102.9,0,0,0,0,0,0,0,0,0
Justin Champagnie,30,252,15%,61%,24%,,,9.9,9.0,1,1,15,1,4,1,24,1,4
Zylan Cheatham,1,5,,,,100%,,-118.2,-125.0,0,0,0,0,0,0,0,0,0
Chris Chiozza,26,279,100%,,,,,-3.0,-12.2,11,9,11,1,1,6,113,1,5
Marquese Chriss,22,251,,,,19%,81%,1.0,-2.4,4,3,24,9,7,2,30,1,13
Josh Christopher,46,765,7%,65%,27%,2%,,-9.5,-0.1,31,20,27,3,26,6,193,6,23
Gary Clark,22,241,,,31%,69%,,-4.0,-0.4,1,2,7,0,2,2,19,0,5
Brandon Clarke,41,766,,,25%,75%,1%,6.8,3.0,4,5,35,5,38,3,140,13,16
Jordan Clarkson,52,1381,1%,93%,6%,,,7.5,2.0,31,37,32,6,42,5,305,18,21
Nic Claxton,25,530,,,,4%,96%,-6.6,-8.9,4,6,30,6,30,2,49,9,11
Amir Coffey,43,949,,45%,48%,8%,,-0.3,1.7,7,7,27,2,34,8,171,6,13
John Collins,49,1543,,,,94%,6%,1.8,2.8,23,12,80,11,64,16,212,16,37
Zach Collins,2,31,,,,,100%,16.5,16.8,2,1,4,1,2,0,13,0,2
Darren Collison,3,37,100%,,,,,-21.7,-20.6,1,0,5,0,0,0,4,0,0
Mike Conley,49,1395,100%,,,,,11.6,10.5,62,14,29,2,39,17,617,8,11
Pat Connaughton,53,1441,1%,28%,58%,13%,,-0.2,-9.1,17,8,35,4,12,15,166,3,10
Tyler Cook,18,192,,,,26%,74%,-9.1,-12.1,1,1,14,5,13,8,8,0,6
Sharife Cooper,10,35,100%,,,,,-37.1,-38.3,2,2,0,0,0,0,12,0,3
Petr Cornelie,13,38,,,4%,75%,22%,6.0,3.9,3,0,5,1,0,0,8,0,1
DeMarcus Cousins,22,353,,,,,100%,5.0,1.7,15,3,29,8,26,7,57,12,14
DeMarcus Cousins,17,287,,,,,100%,9.3,5.9,10,1,24,4,21,5,47,12,10
DeMarcus Cousins,5,66,,,,,100%,-13.8,-16.3,5,2,5,4,5,2,10,0,4
Robert Covington,50,1483,,,2%,90%,9%,-2.4,4.3,33,13,72,10,13,8,175,1,21
Robert Covington,48,1431,,,1%,90%,9%,-2.2,4.8,31,13,67,9,11,8,172,1,18
Robert Covington,2,52,,,16%,85%,,-8.0,-6.8,2,0,5,1,2,0,3,0,3
Torrey Craig,51,1034,,,5%,83%,12%,-7.7,-7.8,19,11,45,3,16,10,146,5,10
Jae Crowder,44,1244,,1%,14%,86%,,10.4,4.5,25,6,58,6,18,8,161,2,5
Jarrett Culver,25,233,5%,65%,30%,,,5.6,1.1,6,1,12,2,10,0,58,3,7
Jarron Cumberland,3,12,33%,39%,28%,,,30.5,35.1,0,0,0,0,0,0,2,0,0
Cade Cunningham,41,1314,3%,81%,17%,,,-9.8,0.7,79,38,59,12,31,3,509,7,46
Seth Curry,45,1566,18%,76%,7%,,,2.8,1.5,47,18,32,5,20,11,435,9,9
Stephen Curry,50,1732,96%,4%,,,,12.3,12.8,94,45,41,11,80,9,736,16,34
Anthony Davis,35,1245,,,,23%,77%,-2.5,-1.9,28,32,51,10,79,4,259,21,17
Ed Davis,18,139,,,,6%,95%,-6.6,-11.6,2,0,18,3,3,0,7,0,1
Terence Davis,30,536,,47%,51%,3%,,5.6,12.9,16,5,34,5,19,2,92,8,14
Gabriel Deck,7,56,,,14%,72%,14%,-12.2,-5.2,2,0,1,0,0,0,13,0,0
Dewayne Dedmon,48,792,,,,,100%,8.3,4.9,9,8,48,26,25,11,91,3,20
Sam Dekker,1,1,,,,,100%,-250.0,-251.9,0,0,0,0,0,0,0,0,0
Javin DeLaurier,1,3,,,,,100%,85.7,81.8,0,0,1,0,0,0,0,0,0
DeMar DeRozan,51,1807,,,7%,83%,10%,5.2,9.9,56,43,58,9,195,7,653,50,59
Mamadi Diakite,13,188,,,,10%,90%,-5.8,1.4,1,1,18,4,5,2,5,1,5
Cheick Diallo,3,31,,,,,100%,-45.3,-35.6,0,0,3,1,3,0,0,0,1
Hamidou Diallo,47,1055,,16%,80%,4%,,-8.1,3.5,22,13,58,4,60,9,143,18,20
Gorgui Dieng,35,323,,,,,100%,-5.9,-7.5,5,1,22,5,11,4,70,3,4
Spencer Dinwiddie,44,1330,64%,36%,,,,-4.1,-2.1,48,10,40,11,63,7,604,12,26
Donte DiVincenzo,17,341,15%,76%,9%,,,-5.6,-11.0,13,11,14,3,5,4,67,1,6
Luka Dončić,40,1403,38%,60%,2%,,,3.2,-0.1,111,36,32,11,129,3,884,31,26
Luguentz Dort,49,1601,1%,16%,64%,20%,,-8.6,-3.9,36,22,55,17,75,41,213,14,42
Ayo Dosunmu,50,1237,16%,65%,18%,,,-1.0,-5.7,28,13,48,6,23,2,307,6,20
Damyean Dotson,2,21,30%,70%,,,,8.3,9.5,0,0,0,0,0,0,2,0,1
Devon Dotson,11,85,100%,,,,,0.2,-2.0,3,0,4,1,3,2,38,1,2
Sekou Doumbouya,2,16,,,,100%,,65.5,67.4,0,2,1,0,1,0,0,0,1
Jeff Dowtin,5,31,100%,,,,,17.8,10.4,0,1,0,0,0,0,7,0,0
Jeff Dowtin,4,28,100%,,,,,28.3,20.5,0,1,0,0,0,0,7,0,0
Jeff Dowtin,1,3,100%,,,,,-80.0,-84.1,0,0,0,0,0,0,0,0,0
PJ Dozier,18,340,,16%,60%,25%,,-12.6,-16.9,10,1,16,0,7,5,70,1,5
Goran Dragić,5,90,61%,39%,,,,-12.9,-15.2,0,1,2,0,2,1,23,0,2
Andre Drummond,49,902,,,,1%,99%,0.8,-2.2,35,13,66,19,34,3,230,10,23
Chris Duarte,48,1392,26%,67%,7%,,,-1.6,2.7,38,20,32,7,47,6,248,8,32
David Duke Jr.,15,273,17%,80%,3%,,,2.2,1.9,3,1,13,1,7,0,35,1,11
Kevin Durant,36,1313,,,1%,60%,39%,5.0,9.2,48,41,31,12,90,3,485,18,26
Jaime Echenique,1,3,,,,,100%,-25.0,-21.9,0,0,0,0,0,0,0,0,0
Anthony Edwards,49,1708,2%,34%,60%,4%,,4.7,8.9,67,43,46,13,84,4,446,21,31
Kessler Edwards,23,588,,3%,32%,63%,3%,-5.5,-7.8,9,7,23,2,5,2,44,2,12
Rob Edwards,2,11,19%,17%,64%,,,-51.7,-44.7,1,0,0,0,0,0,0,0,0
CJ Elleby,32,441,,10%,71%,19%,,-9.1,-5.6,8,4,18,2,9,5,78,3,3
Wayne Ellington,34,657,11%,42%,46%,2%,,-5.1,-4.7,13,1,19,1,0,5,60,0,3
Joel Embiid,42,1384,,,,,100%,6.6,9.3,53,41,53,16,217,0,441,54,49
James Ennis III,7,56,,,32%,68%,,0.8,0.8,0,2,3,0,3,0,9,1,1
James Ennis III,2,14,,,11%,89%,,33.0,32.7,0,0,0,0,0,0,0,0,0
James Ennis III,2,28,,,42%,58%,,0.4,1.8,0,1,2,0,2,0,0,0,0
James Ennis III,3,14,,,31%,69%,,-30.8,-33.1,0,1,1,0,1,0,9,1,1
Drew Eubanks,49,595,,,,6%,94%,-5.4,-6.8,17,7,29,14,32,4,124,7,17
Tacko Fall,11,59,,,,,100%,-0.3,-4.8,0,3,3,0,4,0,5,1,1
Derrick Favors,35,575,,,,,100%,-10.9,-4.8,2,2,32,0,11,2,62,0,7
Bruno Fernando,20,58,,,,12%,88%,-18.8,-24.2,0,1,2,2,2,0,10,1,2
Dorian Finney-Smith,54,1753,,,44%,55%,1%,4.2,2.8,32,4,47,8,28,3,256,4,22
Malik Fitts,7,35,,,,67%,33%,-39.2,-46.4,1,0,2,0,0,0,0,0,1
Malachi Flynn,31,268,99%,1%,,,,-10.7,-13.9,7,1,13,1,3,1,76,1,4
Bryn Forbes,51,901,21%,72%,6%,,,-2.5,-3.9,18,9,30,6,23,3,129,4,22
Bryn Forbes,40,676,28%,70%,2%,,,-3.8,-5.0,15,7,16,5,18,3,92,3,16
Bryn Forbes,11,225,2%,78%,20%,,,1.7,-0.4,3,2,14,1,5,0,37,1,6
Aleem Ford,5,74,,11%,44%,33%,11%,-21.2,-13.1,0,2,3,1,0,1,4,0,1
Trent Forrest,43,514,88%,12%,,,,4.0,-3.2,19,4,15,3,16,0,154,4,8
Evan Fournier,53,1538,,75%,25%,,,-3.4,-5.7,32,28,48,7,31,8,232,10,20
De'Aaron Fox,45,1540,100%,,,,,-4.8,-0.1,59,46,53,12,131,25,555,35,37
Tim Frazier,10,200,100%,,,,,-17.7,-10.0,8,2,7,2,4,4,77,1,2
Enes Freedom,35,411,,,,,100%,8.9,4.8,3,9,29,4,15,1,19,5,16
Wenyen Gabriel,7,47,,,,,100%,-0.8,0.5,2,0,8,1,2,0,4,0,2
Wenyen Gabriel,1,1,,,,,100%,100.0,99.5,0,0,0,0,0,0,0,0,0
Wenyen Gabriel,6,46,,,,,100%,-3.0,-1.6,2,0,8,1,2,0,4,0,2
Daniel Gafford,48,988,,,,,100%,-6.4,-5.4,14,18,78,10,47,3,120,18,27
Danilo Gallinari,43,997,,,,64%,36%,1.3,1.0,7,11,25,4,41,3,147,4,5
Langston Galloway,7,107,48%,31%,21%,,,-3.1,-5.3,3,1,4,1,0,1,29,0,1
Langston Galloway,4,58,4%,57%,38%,,,10.9,10.6,2,1,3,1,0,1,13,0,0
Langston Galloway,3,49,100%,,,,,-19.7,-24.2,1,0,1,0,0,0,16,0,1
Darius Garland,45,1556,96%,4%,,,,9.1,11.3,96,39,34,11,34,13,851,11,24
Marcus Garrett,12,128,2%,62%,36%,1%,,9.6,5.0,1,1,8,0,3,1,17,1,3
Usman Garuba,15,105,,,,35%,65%,17.5,28.0,1,1,3,1,1,2,19,0,2
Luka Garza,27,327,,,,,100%,-8.0,2.5,6,2,27,6,19,6,37,5,13
Rudy Gay,35,699,,,,71%,29%,7.2,0.8,12,12,33,4,28,4,99,5,12
Paul George,26,924,,4%,49%,45%,2%,1.3,4.1,70,29,24,7,51,10,346,11,27
Taj Gibson,35,627,,,,9%,91%,5.7,8.8,7,1,38,9,13,1,61,3,5
Josh Giddey,49,1535,5%,60%,34%,2%,,-8.7,-3.9,92,37,40,8,32,3,722,6,43
Shai Gilgeous-Alexander,43,1487,76%,23%,,,,-5.6,3.7,48,34,39,15,120,5,583,19,51
Anthony Gill,21,121,,,12%,64%,24%,15.4,19.4,2,1,12,1,5,4,18,0,1
Freddie Gillespie,9,119,,,,28%,72%,-10.9,-2.6,1,1,9,2,3,3,12,1,5
Rudy Gobert,42,1364,,,,,100%,12.2,11.5,18,23,51,28,116,4,128,21,29
Brandon Goodwin,15,251,100%,,,,,0.2,-4.7,13,1,4,2,4,3,115,0,10
Jordan Goodwin,2,6,48%,52%,,,,-100.0,-97.1,0,0,1,0,0,0,0,0,0
Aaron Gordon,49,1555,,,45%,52%,4%,7.2,12.6,30,27,34,20,67,5,295,21,35
Eric Gordon,45,1326,16%,55%,29%,,,-6.4,6.3,45,32,19,6,49,3,337,12,21
Devonte' Graham,50,1563,99%,1%,,,,-0.6,7.7,54,18,33,4,30,13,533,4,19
Jerami Grant,29,945,,,2%,94%,5%,-11.7,-2.3,22,18,31,15,69,9,188,10,19
Hassani Gravett,8,171,87%,13%,,,,-0.3,8.6,8,1,7,0,2,1,50,0,3
Danny Green,36,842,,5%,82%,13%,,5.7,5.2,16,10,30,2,0,4,88,0,6
Draymond Green,34,1018,,,5%,79%,16%,8.8,1.3,82,8,46,12,31,12,602,3,9
Jalen Green,39,1178,27%,73%,,,,-19.5,-18.6,38,31,23,9,60,10,223,10,48
JaMychal Green,41,604,,,29%,57%,14%,-6.5,-11.1,12,6,41,15,24,8,89,2,18
Javonte Green,39,922,1%,59%,38%,2%,,5.1,4.7,7,6,39,5,35,9,106,2,13
Jeff Green,50,1228,,,,66%,35%,0.9,-2.3,17,14,62,10,69,15,141,21,18
Josh Green,40,553,2%,60%,38%,,,8.7,7.0,15,2,25,3,16,8,124,5,9
Blake Griffin,43,799,,,10%,53%,37%,-1.5,-3.0,11,6,39,2,27,33,222,10,17
Quentin Grimes,35,556,13%,80%,7%,,,0.2,1.6,14,3,17,1,1,4,79,1,2
Kyle Guy,14,175,52%,48%,,,,-10.3,-16.2,9,2,9,0,4,3,41,1,3
Rui Hachimura,14,250,,,43%,57%,,-6.5,-3.8,4,1,7,2,12,1,35,3,4
Tyrese Haliburton,51,1757,18%,78%,4%,,,-5.8,-2.9,79,17,30,6,44,4,882,14,27
Tyler Hall,1,2,,100%,,,,-90.0,-89.0,0,0,0,0,0,0,0,0,0
R.J. Hampton,42,815,28%,69%,4%,,,-16.7,-12.0,33,16,28,2,35,10,266,5,24
Tim Hardaway Jr.,42,1245,,50%,48%,2%,,1.3,-3.6,17,12,26,1,43,13,220,9,18
James Harden,44,1627,29%,56%,15%,,,1.6,2.8,131,55,45,13,154,3,1012,39,66
Maurice Harkless,38,737,,2%,71%,27%,,-3.0,2.4,12,6,30,5,10,2,52,3,9
Jared Harper,2,10,100%,,,,,-19.4,-15.8,0,1,2,0,0,0,9,0,0
Montrezl Harrell,46,1117,,,,,100%,1.7,8.4,21,16,42,10,103,12,218,30,21
Gary Harris,48,1416,3%,83%,14%,,,-7.9,1.0,21,15,31,6,32,11,225,7,26
Joe Harris,14,423,,7%,83%,10%,,1.8,1.5,7,3,11,4,2,0,33,1,6
Tobias Harris,45,1595,,,,96%,3%,1.7,-1.4,32,29,48,15,77,2,404,21,59
Shaquille Harrison,2,23,,,72%,28%,,-10.8,-11.4,2,0,1,0,0,1,8,0,1
Josh Hart,41,1374,,2%,58%,39%,1%,-3.7,-0.1,48,24,50,6,73,9,406,13,28
Isaiah Hartenstein,42,674,,,,,100%,8.0,12.5,24,5,52,6,37,5,185,11,10
Udonis Haslem,9,57,,,,8%,92%,8.7,4.0,1,2,6,0,2,1,7,1,3
Sam Hauser,10,41,,,45%,55%,,-0.5,-5.4,0,0,2,0,0,0,3,0,0
Jaxson Hayes,42,688,,,,17%,83%,-2.7,1.4,9,6,45,16,53,3,47,16,10
Killian Hayes,42,1052,65%,34%,1%,,,-11.9,-2.9,40,15,53,4,20,8,395,2,18
Gordon Hayward,48,1547,,3%,78%,19%,,0.0,2.3,41,22,35,15,67,8,437,17,27
Aaron Henry,6,17,,11%,69%,21%,,-51.1,-53.7,1,0,2,0,0,0,0,0,2
Juancho Hernangómez,23,147,,,8%,77%,16%,-10.2,-13.8,5,2,3,1,7,0,16,1,1
Juancho Hernangómez,18,96,,,12%,84%,5%,-17.4,-23.1,3,2,3,1,5,0,8,1,1
Juancho Hernangómez,5,51,,,,64%,37%,3.3,3.5,2,0,0,0,2,0,8,0,0
Willy Hernangómez,28,467,,,,,100%,-6.8,-3.8,12,11,29,5,38,1,89,9,18
Tyler Herro,45,1480,25%,68%,7%,,,4.3,-1.0,69,39,33,5,47,8,435,8,56
Buddy Hield,55,1574,,31%,66%,3%,,-5.2,-1.1,51,28,51,5,24,3,250,5,31
Haywood Highsmith,4,42,,,36%,62%,2%,-10.3,-15.3,0,0,1,0,0,0,0,0,0
George Hill,41,1044,60%,39%,1%,,,13.6,15.5,22,4,27,3,9,8,252,1,12
Malcolm Hill,14,176,,7%,62%,31%,,-6.6,-8.8,0,1,11,0,6,2,10,1,1
Malcolm Hill,3,46,,24%,65%,11%,,7.9,7.3,0,0,5,0,2,0,2,0,0
Malcolm Hill,11,130,,1%,61%,38%,,-11.7,-14.6,0,1,6,0,4,2,8,1,1
Solomon Hill,13,139,,,49%,51%,,16.0,16.2,0,0,6,1,0,0,32,0,1
Nate Hinton,2,2,,100%,,,,93.3,96.3,1,0,0,0,0,0,0,0,0
Jaylen Hoard,1,2,,,,100%,,-100.0,-92.9,0,0,0,0,0,0,0,0,0
Aaron Holiday,41,663,100%,,,,,-6.6,-4.8,19,12,28,2,15,7,187,3,10
Jrue Holiday,43,1408,100%,,,,,11.8,16.2,64,34,39,6,42,4,701,6,37
Justin Holiday,50,1446,,10%,76%,12%,1%,-3.6,-1.4,36,17,54,1,15,9,218,2,11
Justin Holiday,49,1416,,10%,77%,12%,1%,-3.5,-1.3,32,16,54,1,14,9,207,2,10
Justin Holiday,1,30,,46%,32%,22%,,-8.7,-4.0,4,1,0,0,1,0,11,0,1
Richaun Holmes,38,963,,,,,100%,-5.2,-0.8,15,16,65,12,43,4,114,16,18
Rodney Hood,39,581,1%,11%,41%,46%,2%,-1.3,-6.8,5,1,17,0,5,2,77,1,0
Scotty Hopson,1,18,,21%,79%,,,-14.2,-7.1,1,0,0,1,0,0,2,0,0
Al Horford,47,1335,,,,2%,98%,5.3,0.9,28,9,48,7,33,0,377,7,11
Talen Horton-Tucker,40,1028,,13%,81%,6%,,-0.9,0.9,34,16,51,8,34,6,252,7,20
Danuel House Jr.,24,371,,2%,40%,57%,1%,-7.9,-4.5,15,5,13,0,12,2,77,2,7
Danuel House Jr.,16,233,,,11%,88%,1%,-7.3,2.4,11,5,10,0,5,1,48,1,5
Danuel House Jr.,1,3,,,100%,,,14.3,15.4,0,0,0,0,0,0,0,0,0
Danuel House Jr.,7,135,,6%,88%,6%,,-9.4,-16.8,4,0,3,0,7,1,29,1,2
Dwight Howard,41,594,,,,,100%,-1.2,0.4,4,9,46,15,41,1,53,6,15
Markus Howard,22,134,4%,65%,31%,,,4.3,2.3,4,0,5,1,2,4,15,0,6
Kevin Huerter,47,1367,1%,89%,10%,,,5.1,9.6,35,15,43,3,15,4,314,4,11
Jay Huff,4,20,,,,,100%,31.5,33.2,0,1,1,0,0,1,3,0,0
Elijah Hughes,14,112,,32%,57%,11%,,-30.8,-39.1,2,4,3,1,1,1,15,0,0
De'Andre Hunter,26,747,,,84%,16%,,-0.9,-2.2,9,16,24,4,33,11,81,7,18
Chandler Hutchison,6,22,,16%,54%,30%,,30.6,22.8,0,2,0,0,1,0,5,0,0
Bones Hyland,42,742,29%,70%,2%,,,-0.3,-3.3,17,15,35,5,18,2,202,2,26
Serge Ibaka,35,538,,,,16%,84%,-3.0,-2.0,11,11,25,7,13,0,85,3,10
Andre Iguodala,26,518,,10%,65%,23%,2%,11.5,4.3,18,4,14,0,5,7,239,0,1
Joe Ingles,45,1122,,,91%,9%,,7.9,2.2,28,11,15,4,6,4,383,1,8
Brandon Ingram,40,1379,,51%,43%,6%,,1.3,10.6,46,34,34,18,98,7,539,27,38
Kyrie Irving,12,427,32%,68%,,,,-0.6,-1.3,22,5,13,1,14,2,152,6,8
Wes Iwundu,3,82,1%,7%,64%,29%,,0.7,0.1,0,1,3,0,2,1,0,0,4
Frank Jackson,41,931,39%,60%,1%,,,-9.3,1.3,17,7,39,2,32,8,98,8,17
Isaiah Jackson,19,181,,,,19%,81%,-8.6,-6.1,1,3,14,6,12,2,17,3,5
Jaren Jackson Jr.,55,1536,,,3%,55%,42%,5.7,2.4,26,24,89,35,110,5,138,26,73
Josh Jackson,39,707,,,47%,53%,,-9.2,1.4,29,5,32,1,28,12,115,9,17
Justin Jackson,7,37,,44%,22%,34%,,-22.0,-30.2,1,0,2,0,0,0,5,0,0
Justin Jackson,1,2,,,,100%,,-125.0,-130.0,0,0,0,0,0,0,0,0,0
Justin Jackson,6,35,,46%,24%,30%,,-16.1,-24.5,1,0,2,0,0,0,5,0,0
Reggie Jackson,52,1586,64%,36%,,,,-2.4,-2.5,77,25,40,5,35,19,511,6,25
LeBron James,39,1430,,,31%,63%,6%,-0.3,2.5,74,23,42,14,104,13,612,39,31
DeJon Jarreau,1,1,,100%,,,,0.0,2.9,0,0,0,0,0,0,0,0,0
DaQuan Jeffries,3,9,,10%,53%,37%,,-28.2,-32.9,0,0,1,0,0,0,2,0,0
Ty Jerome,45,745,28%,67%,5%,,,-2.8,6.0,16,12,24,2,19,3,252,4,17
Isaiah Joe,38,491,27%,63%,10%,,,0.9,-1.6,8,2,17,2,10,6,66,5,4
Alize Johnson,19,139,,,8%,25%,66%,-19.4,-21.8,1,5,10,3,5,0,20,2,5
Alize Johnson,16,121,,,4%,20%,76%,-21.8,-24.9,0,4,10,3,4,0,20,1,3
Alize Johnson,3,18,,,39%,61%,,-3.8,-0.7,1,1,0,0,1,0,0,1,2
B.J. Johnson,4,65,1%,49%,50%,,,-11.2,-2.9,0,0,3,0,0,0,0,0,2
Cameron Johnson,51,1327,,,4%,90%,6%,7.7,-0.8,14,9,45,3,35,14,154,10,20
David Johnson,2,2,,100%,,,,-50.0,-51.8,0,0,0,0,0,0,0,0,0
Jalen Johnson,13,58,,,,83%,17%,-10.6,-11.5,2,0,3,0,1,0,3,0,1
James Johnson,39,735,,,30%,64%,6%,-0.3,-1.1,18,5,39,3,15,0,183,3,14
Joe Johnson,1,2,,,100%,,,-125.0,-130.0,0,0,0,0,0,0,0,0,0
Keldon Johnson,51,1588,,3%,46%,50%,1%,0.7,2.0,33,18,49,11,66,7,227,13,46
Keon Johnson,15,135,45%,55%,1%,,,-0.5,0.9,3,3,14,0,8,3,29,1,4
Stanley Johnson,22,492,,,1%,57%,41%,0.4,2.2,2,3,28,4,16,3,72,5,4
Tyler Johnson,6,91,100%,,,,,-6.1,-7.1,1,1,3,0,0,2,16,0,1
Tyler Johnson,3,38,100%,,,,,8.8,6.7,0,1,1,0,0,0,5,0,1
Tyler Johnson,3,53,100%,,,,,-16.8,-17.1,1,0,2,0,0,2,11,0,0
Nikola Jokić,48,1580,,,,,100%,10.3,21.0,108,43,65,13,114,9,888,45,39
Carlik Jones,5,23,100%,,,,,-33.2,-36.5,2,1,0,0,0,0,11,0,0
Carlik Jones,3,19,100%,,,,,-35.5,-39.0,2,1,0,0,0,0,11,0,0
Carlik Jones,2,4,100%,,,,,-22.2,-24.4,0,0,0,0,0,0,0,0,0
Damian Jones,37,564,,,,,100%,-7.0,-2.8,14,11,41,8,33,3,102,10,12
Derrick Jones Jr.,31,533,,,36%,51%,14%,2.0,-0.1,4,6,36,4,23,3,37,6,13
Herbert Jones,51,1520,,,6%,92%,3%,0.3,9.5,24,13,61,9,44,12,252,9,35
Jemerrio Jones,2,15,,,19%,81%,,-43.3,-42.1,0,0,0,0,0,0,0,0,0
Kai Jones,16,46,,,13%,53%,34%,-14.0,-13.3,2,2,3,0,1,0,9,0,0
Mason Jones,2,9,,100%,,,,-29.0,-27.7,0,1,0,0,1,0,0,0,0
Tre Jones,43,575,100%,,,,,-1.8,-2.2,13,9,16,2,15,10,247,6,18
Tyus Jones,49,1011,100%,,,,,5.7,1.7,21,9,9,1,14,2,489,4,12
DeAndre Jordan,31,399,,,,,100%,-9.5,-9.4,5,8,29,6,13,0,31,1,6
Cory Joseph,43,1031,93%,8%,,,,-8.0,3.6,32,20,31,9,27,19,404,11,12
Georgios Kalaitzakis,9,48,,15%,68%,15%,2%,-50.5,-55.5,2,0,1,1,3,0,0,1,0
Frank Kaminsky,9,181,,,,,100%,8.8,0.8,0,3,9,1,10,2,31,4,3
Luke Kennard,46,1294,7%,86%,7%,,,3.3,8.9,22,10,22,4,15,2,245,5,11
Braxton Key,2,6,,,,100%,,-28.6,-30.9,1,1,1,0,0,0,2,0,0
George King,4,19,,,26%,74%,,-60.0,-63.7,1,0,3,0,1,0,0,0,1
Louis King,10,104,,8%,56%,35%,1%,-14.7,-10.3,0,0,7,0,5,2,21,1,1
Corey Kispert,48,890,,36%,60%,4%,,1.7,7.3,7,5,18,4,18,3,94,3,12
Maxi Kleber,38,952,,,,72%,28%,3.6,0.6,6,7,47,8,13,16,108,3,10
Brandon Knight,3,54,49%,51%,,,,3.3,0.1,2,0,2,1,0,1,20,0,2
Nathan Knight,28,194,,,,28%,72%,0.6,-1.0,4,2,10,5,23,0,34,3,6
Kevin Knox,19,153,,4%,36%,59%,1%,-17.6,-17.8,3,1,4,0,4,1,14,0,2
Kevin Knox,13,111,,,26%,72%,1%,-23.0,-22.9,2,0,3,0,4,0,7,0,1
Kevin Knox,6,42,,14%,62%,24%,,-3.4,-4.2,1,1,1,0,0,1,7,0,1
John Konchar,48,884,18%,66%,17%,,,3.7,-1.4,17,4,36,0,14,4,172,0,4
Furkan Korkmaz,47,1130,1%,23%,71%,5%,,0.7,-2.7,25,5,23,1,27,9,271,4,15
Luke Kornet,3,18,,,,11%,89%,30.2,26.1,0,0,2,0,1,0,3,1,1
Luke Kornet,2,15,,,,13%,87%,54.9,50.8,0,0,1,0,1,0,3,1,1
Luke Kornet,1,3,,,,,100%,-93.3,-97.4,0,0,1,0,0,0,0,0,0
Vit Krejci,3,9,,1%,99%,,,-9.9,-2.8,1,0,0,0,1,0,0,0,0
Arnoldas Kulboka,1,3,,,,100%,,-120.0,-119.2,0,0,0,0,0,0,0,0,0
Jonathan Kuminga,43,569,,,14%,54%,32%,3.3,-6.0,17,11,34,7,48,3,70,6,21
Kyle Kuzma,50,1646,,,4%,89%,7%,-6.2,-8.8,47,36,55,13,70,6,328,19,29
Anthony Lamb,2,8,,,50%,50%,,25.8,26.0,0,0,0,0,0,0,5,0,1
Jeremy Lamb,40,644,,36%,57%,7%,1%,3.5,7.8,13,5,20,1,30,1,131,7,6
Jeremy Lamb,39,613,,35%,57%,7%,1%,1.5,5.7,13,5,20,1,30,1,120,7,6
Jeremy Lamb,1,31,,40%,60%,,,42.9,48.1,0,0,0,0,0,0,11,0,0
Jock Landale,34,343,,,,3%,97%,1.9,2.3,10,4,21,4,13,3,79,5,9
Romeo Langford,44,728,3%,43%,52%,2%,,1.3,-4.9,9,3,27,1,17,3,49,6,14
Zach LaVine,46,1587,,17%,68%,15%,,2.8,1.8,47,54,34,11,92,1,474,29,39
Jake Layman,23,169,,3%,60%,37%,,-12.7,-15.2,3,3,5,1,5,0,17,2,3
Damion Lee,44,902,3%,69%,27%,1%,,3.0,-7.6,8,9,33,7,12,8,104,2,9
Saben Lee,27,403,100%,,,,,-9.1,1.3,18,3,10,1,20,6,158,3,15
Alex Len,33,557,,,,,100%,-6.6,-2.4,13,11,49,14,26,1,108,6,12
Caris LeVert,40,1242,8%,61%,31%,,,-1.1,2.8,29,30,40,5,68,11,420,14,38
Caris LeVert,39,1214,8%,60%,31%,,,-1.4,2.6,29,30,39,5,67,11,415,14,38
Caris LeVert,1,28,,92%,8%,,,13.8,9.5,0,0,1,0,1,0,5,0,0
Kira Lewis Jr.,24,341,92%,8%,,,,-15.5,-13.7,19,5,8,0,6,4,120,2,6
Scottie Lewis,2,7,33%,67%,,,,-26.7,-25.8,0,0,0,0,0,0,2,0,0
Damian Lillard,29,1056,100%,,,,,-1.5,4.8,59,17,21,4,53,9,505,8,22
Nassir Little,42,1088,,,64%,35%,,-0.7,6.3,15,15,50,5,44,5,147,12,14
Isaiah Livers,1,5,,,,100%,,-18.2,-8.0,1,0,1,0,0,0,0,0,0
Kevon Looney,55,1169,,,,1%,99%,8.7,1.1,20,14,74,13,47,2,222,7,27
Brook Lopez,1,28,,,,,100%,-6.4,-10.5,0,0,2,0,0,0,0,0,2
Robin Lopez,25,444,,,,,100%,-5.4,3.6,7,5,27,14,15,1,101,4,4
Didi Louzada,2,7,,,,100%,,-37.9,-34.3,0,0,0,0,0,0,2,0,0
Kevin Love,47,1047,,,24%,69%,7%,4.8,0.7,35,13,26,8,47,18,236,8,8
Kyle Lowry,42,1420,100%,,,,,6.0,2.6,91,16,47,9,40,33,811,9,13
Timothé Luwawu-Cabarrot,34,443,,5%,88%,7%,,-5.6,-7.6,8,1,13,2,10,7,66,2,5
Trey Lyles,51,990,,,,35%,65%,-8.1,3.3,25,14,51,11,93,6,145,33,18
Théo Maledon,28,387,84%,17%,,,,-17.4,-12.1,14,4,12,0,15,3,80,3,6
Sandro Mamukelashvili,30,295,,,1%,39%,61%,-20.2,-27.0,4,3,12,0,6,0,41,2,7
Terance Mann,55,1570,,9%,67%,24%,,-1.8,-0.9,23,13,46,8,40,13,329,6,30
Tre Mann,41,792,100%,,,,,-7.6,-0.6,15,14,39,2,22,2,100,5,22
Boban Marjanović,17,98,,,,,100%,16.8,14.1,2,4,10,2,8,1,5,4,5
Lauri Markkanen,38,1148,,,,74%,26%,7.3,5.1,12,12,36,3,33,5,133,8,33
Naji Marshall,29,285,,11%,67%,21%,,-4.6,-1.1,12,7,11,2,16,3,59,1,8
Caleb Martin,44,1009,,19%,60%,21%,,4.1,-1.1,13,8,30,7,35,14,119,6,16
Cody Martin,49,1334,8%,65%,26%,1%,,1.4,4.6,21,15,34,3,34,21,315,8,24
Kelan Martin,27,444,,3%,68%,28%,1%,-5.6,-3.3,9,1,17,1,7,0,51,1,10
Kenyon Martin Jr.,51,999,,,17%,75%,8%,-5.4,6.5,15,6,43,6,43,3,177,10,36
Garrison Mathews,37,1014,,14%,84%,1%,,-5.6,6.3,12,5,59,2,39,46,96,10,13
Dakota Mathias,6,16,80%,20%,,,,-37.5,-42.4,0,0,0,0,0,0,2,0,0
Wesley Matthews,27,524,15%,43%,40%,2%,,13.6,11.9,5,3,24,1,5,15,47,2,6
Tyrese Maxey,47,1681,99%,1%,,,,2.6,1.0,32,14,57,7,71,4,543,23,35
Skylar Mays,21,198,21%,64%,15%,,,-9.5,-10.9,6,2,4,0,4,1,44,3,4
Miles McBride,21,151,95%,5%,,,,11.9,13.7,1,2,7,0,1,0,58,1,3
Mac McClung,1,3,,100%,,,,-60.0,-62.2,1,0,0,0,0,0,0,0,0
CJ McCollum,36,1267,4%,90%,7%,,,-4.1,0.6,38,18,36,5,34,5,398,9,30
T.J. McConnell,24,581,100%,,,,,-4.0,-1.4,21,5,23,0,7,9,284,3,8
Jaden McDaniels,52,1351,,,35%,65%,,-1.7,-6.5,23,8,94,9,27,11,150,14,24
Jalen McDaniels,39,685,,,29%,68%,3%,3.0,5.2,7,15,31,3,22,6,107,6,3
Doug McDermott,39,953,,,,97%,3%,-4.1,-6.1,14,10,32,2,11,1,111,2,19
JaVale McGee,48,782,,,,,100%,7.8,-0.4,17,19,64,24,49,6,73,19,10
Cameron McGriff,3,46,,,14%,78%,8%,7.5,12.1,0,0,4,0,1,0,8,0,0
Rodney McGruder,29,386,,32%,62%,6%,,0.1,12.1,4,4,13,3,5,3,60,0,8
Alfonzo McKinnie,17,206,,6%,47%,47%,,-12.7,-16.0,2,1,14,1,3,1,10,0,4
JaQuori McLaughlin,4,11,50%,50%,,,,-41.8,-45.3,0,0,1,0,0,0,5,0,0
Jordan McLaughlin,37,451,100%,,,,,-1.9,-4.1,16,4,7,0,11,4,260,3,11
Ben McLemore,39,715,2%,76%,22%,,,-9.3,-6.6,12,7,34,1,10,5,79,1,11
De'Anthony Melton,47,1078,17%,82%,2%,,,7.5,4.7,32,22,38,4,26,6,298,2,26
Sam Merrill,6,58,66%,15%,11%,8%,,-11.5,-16.4,2,0,2,0,2,1,8,1,0
Chimezie Metu,39,876,,,,74%,26%,-4.4,0.6,15,17,20,5,28,7,106,4,23
Khris Middleton,44,1402,,10%,51%,37%,2%,6.3,5.0,86,33,50,8,69,3,550,18,25
C.J. Miles,1,2,,100%,,,,-125.0,-130.0,0,0,1,0,0,0,0,0,0
Patty Mills,53,1635,100%,,,,,2.4,5.1,32,8,26,5,15,28,301,6,20
Paul Millsap,24,270,,,10%,61%,30%,0.2,-0.4,3,4,30,2,7,1,56,1,3
Shake Milton,27,668,60%,40%,,,,-1.7,-5.3,18,7,25,5,27,3,178,12,12
Davion Mitchell,51,1330,62%,38%,,,,-2.9,3.6,39,11,44,3,17,11,434,5,25
Donovan Mitchell,43,1431,50%,50%,,,,8.8,5.0,62,48,38,13,84,8,560,27,32
Evan Mobley,47,1606,,,34%,35%,31%,4.3,-0.2,28,43,65,7,84,0,290,21,33
Malik Monk,50,1358,20%,51%,29%,,,2.8,8.6,47,13,48,3,29,4,295,8,22
Greg Monroe,8,126,,,,,100%,3.0,1.2,7,0,8,0,4,0,34,1,10
Greg Monroe,3,63,,,,,100%,-5.3,-7.0,4,0,4,0,3,0,26,1,2
Greg Monroe,2,18,,,,,100%,18.9,22.1,2,0,1,0,0,0,2,0,2
Greg Monroe,3,45,,,,,100%,8.2,4.3,1,0,3,0,1,0,6,0,6
Moses Moody,32,306,,41%,50%,9%,,-5.8,-15.6,4,1,15,2,8,3,27,1,1
Xavier Moon,6,83,94%,7%,,,,-8.7,-7.5,2,1,3,0,1,0,27,0,3
Matt Mooney,1,2,100%,,,,,-90.0,-89.0,1,0,0,0,0,0,0,0,0
Ja Morant,43,1425,90%,10%,,,,4.4,-0.6,95,41,28,3,122,4,690,29,74
Juwan Morgan,1,27,,,47%,53%,,-45.5,-47.8,0,0,1,0,0,0,2,0,0
Jaylen Morris,3,16,59%,41%,,,,14.3,14.5,0,1,1,0,1,0,6,0,1
Marcus Morris,31,927,,,29%,62%,9%,-5.8,-6.7,20,13,31,3,34,6,180,8,17
Markieff Morris,10,187,,,,86%,14%,8.4,3.9,5,2,11,3,3,1,36,1,1
Monte Morris,51,1529,87%,13%,,,,7.4,12.8,33,10,26,4,21,8,527,5,26
Emmanuel Mudiay,2,11,100%,,,,,-16.4,-11.7,1,0,1,0,1,0,9,0,0
Mychal Mulder,15,195,84%,16%,,,,-14.4,-6.4,5,1,3,1,1,1,8,0,6
Ade Murkey,1,1,,,100%,,,-16.7,-11.9,0,0,0,0,0,0,0,0,0
Trey Murphy III,40,514,,1%,51%,45%,2%,-4.6,-1.1,7,4,16,1,13,6,50,3,7
Dejounte Murray,48,1652,95%,5%,,,,0.8,2.4,85,23,35,7,64,8,1026,18,41
Mike Muscala,43,592,,,,,100%,0.5,10.0,4,6,35,3,26,3,55,7,10
Svi Mykhailiuk,41,648,11%,50%,36%,3%,,-7.7,-12.8,13,9,21,2,14,6,98,2,11
Abdel Nader,14,145,,13%,86%,1%,,-1.6,-10.3,8,2,6,1,4,3,20,0,2
Larry Nance Jr.,37,858,,,,48%,52%,-1.3,4.7,12,3,24,8,21,10,186,5,9
RJ Nembhard Jr.,7,44,53%,39%,8%,,,-2.1,-6.7,1,1,2,0,1,0,24,0,3
Aaron Nesmith,39,398,,24%,67%,10%,,0.5,-5.2,12,3,28,3,9,5,28,5,2
Raul Neto,44,855,89%,11%,,,,-1.2,2.9,38,9,26,2,28,16,270,10,14
Malik Newman,1,8,100%,,,,,0.8,-3.7,1,0,0,0,1,0,3,0,0
Georges Niang,50,1153,,,31%,66%,3%,4.4,3.9,22,10,52,8,18,9,173,4,22
Daishen Nix,8,67,,11%,76%,14%,,-2.7,6.9,6,3,1,0,2,0,25,1,1
Zeke Nnaji,38,623,,,3%,54%,43%,-2.4,-5.9,7,7,33,5,31,3,35,4,16
Nerlens Noel,25,562,,,,,100%,-4.4,-4.2,3,7,33,6,10,6,53,4,4
Jaylen Nowell,40,603,18%,57%,25%,,,-0.9,-3.2,13,5,31,0,24,3,202,8,11
Frank Ntilikina,44,567,18%,78%,3%,,,5.3,2.7,18,2,23,5,10,7,122,2,8
Jusuf Nurkić,53,1481,,,,,100%,-1.9,5.7,50,38,76,36,119,6,357,33,42
David Nwaba,34,477,,3%,49%,44%,4%,-4.9,5.5,9,4,21,1,23,2,66,5,18
Jordan Nwora,42,805,,1%,37%,52%,10%,-4.3,-11.8,17,13,26,3,8,4,108,0,13
Royce O'Neale,51,1600,,25%,74%,1%,,5.7,-2.3,28,6,59,3,16,13,313,6,11
Semi Ojeleye,20,308,,1%,6%,75%,18%,-18.3,-25.1,3,2,12,0,5,1,14,1,6
Chuma Okeke,45,1064,,,6%,90%,4%,-9.9,-2.5,22,7,32,3,20,4,167,3,9
Josh Okogie,33,408,1%,39%,56%,4%,,0.4,-1.3,9,4,19,1,15,16,46,2,8
Onyeka Okongwu,22,486,,,,2%,98%,5.2,5.6,10,6,43,7,24,1,57,5,8
Isaac Okoro,40,1148,1%,78%,21%,1%,,5.4,1.8,16,13,43,6,46,13,174,11,18
KZ Okpala,21,244,,,1%,56%,43%,4.3,-0.5,1,2,17,2,6,0,35,1,2
Cameron Oliver,2,43,,,,38%,62%,3.5,2.9,0,0,3,0,2,0,7,1,0
Kelly Olynyk,17,351,,,,,100%,-10.0,0.2,12,6,21,8,17,7,122,6,9
Eugene Omoruyi,4,18,,,,100%,,2.6,-0.7,0,0,1,0,1,0,4,0,0
Miye Oni,16,44,,10%,84%,6%,,-28.8,-36.0,0,0,4,0,1,0,14,1,0
Cedi Osman,43,998,,28%,62%,11%,,1.5,-4.7,20,11,31,5,36,9,210,9,17
Daniel Oturu,3,27,,,,,100%,-42.1,-44.4,0,0,1,0,3,0,0,1,2
Kelly Oubre Jr.,50,1423,1%,34%,57%,8%,,-1.0,-0.2,21,22,52,3,64,11,138,18,32
Jaysean Paige,1,7,,100%,,,,-69.6,-59.6,1,0,2,0,0,0,3,0,0
Trayvon Palmer,1,17,,,100%,,,-33.9,-23.9,1,0,1,0,0,0,0,0,0
Kevin Pangos,24,166,93%,7%,,,,-12.0,-17.6,3,3,5,1,0,1,70,0,1
Jabari Parker,12,112,,,,28%,72%,-1.2,-6.3,5,2,10,1,3,0,13,1,2
Eric Paschall,41,544,,,3%,80%,17%,1.8,-6.0,7,11,16,7,31,2,61,7,14
Chris Paul,54,1798,100%,,,,,9.7,5.5,92,25,42,5,28,8,1293,7,11
Cameron Payne,40,815,74%,26%,,,,5.3,-4.0,38,21,34,7,29,17,355,8,23
Elfrid Payton,34,397,47%,50%,4%,,,0.5,-8.9,20,6,8,2,11,1,160,4,22
Gary Payton II,52,872,36%,64%,,,,10.5,3.8,16,3,23,5,22,3,100,6,8
Norvel Pelle,3,19,,,,5%,95%,-56.0,-63.0,1,0,0,0,0,0,0,0,0
Reggie Perry,3,51,,,,,100%,-14.7,-10.7,1,0,4,0,1,0,5,0,1
Reggie Perry,2,41,,,,,100%,-13.7,-9.4,1,0,2,0,1,0,5,0,1
Reggie Perry,1,10,,,,,100%,-19.0,-16.2,0,0,2,0,0,0,0,0,0
Jamorko Pickett,6,47,,,,75%,26%,-27.0,-17.1,0,3,2,0,0,0,2,0,0
Theo Pinson,16,120,,5%,42%,54%,,-16.8,-21.0,2,0,4,0,2,0,30,0,0
Mason Plumlee,47,1196,,,,,100%,-0.8,0.3,32,14,78,11,51,4,342,9,21
Jakob Poeltl,45,1296,,,,,100%,3.0,6.1,30,13,89,19,62,9,294,16,27
Aleksej Pokusevski,38,601,,,1%,69%,30%,-7.3,-0.2,21,14,22,7,6,3,111,0,12
Yves Pons,7,22,,18%,78%,4%,,-2.7,-7.4,0,0,2,0,1,0,0,0,1
Jordan Poole,49,1430,23%,71%,6%,,,7.9,-0.2,60,29,48,13,63,10,406,18,43
Kevin Porter Jr.,37,1108,98%,2%,,,,-7.5,3.5,89,34,36,6,47,11,555,9,24
Michael Porter Jr.,9,265,,,91%,9%,,9.6,8.3,5,2,6,4,5,0,38,3,4
Otto Porter Jr.,45,972,,,,65%,35%,10.9,4.5,11,4,38,3,14,3,184,3,4
Bobby Portis,47,1351,,,,2%,98%,7.8,7.6,15,20,56,18,34,3,156,7,29
Kristaps Porziņģis,34,1002,,,,39%,61%,2.0,-2.0,19,19,35,11,66,1,164,10,18
Micah Potter,3,31,,,,,100%,-56.2,-46.7,0,0,1,1,2,1,0,2,0
Dwight Powell,55,1116,,,,,100%,1.8,-2.4,10,10,71,19,56,8,140,20,17
Myles Powell,11,52,100%,,,,,-14.6,-17.2,1,1,3,0,0,1,8,0,1
Norman Powell,42,1380,2%,20%,72%,7%,,-7.9,-6.5,29,27,46,4,98,6,215,20,29
Norman Powell,40,1333,,18%,75%,7%,,-7.6,-6.2,27,27,41,3,92,6,200,18,29
Norman Powell,2,47,43%,57%,,,,-16.0,-14.9,2,0,5,1,6,0,15,2,0
Joshua Primo,26,400,2%,35%,59%,4%,,-2.2,-2.4,17,4,16,4,6,6,81,0,4
Taurean Prince,44,685,,2%,66%,32%,,-2.1,-4.8,18,5,39,2,21,19,94,7,6
Payton Pritchard,45,548,79%,21%,,,,-5.1,-12.5,15,7,13,1,3,2,186,1,7
Trevelin Queen,8,69,32%,67%,1%,,,1.3,11.0,2,4,4,1,2,1,8,1,0
Neemias Queta,10,56,,,,,100%,-4.3,0.4,1,1,4,2,3,0,8,1,3
Immanuel Quickley,51,1108,53%,47%,,,,7.6,14.7,37,15,39,6,36,4,371,8,23
Jahmi'us Ramsey,19,134,27%,66%,7%,,,-9.3,-4.8,0,4,4,1,6,0,16,0,3
Julius Randle,53,1874,,,2%,91%,8%,-5.1,-14.1,80,56,61,30,109,3,715,28,45
Austin Reaves,37,780,7%,54%,37%,2%,,7.3,12.2,12,3,24,1,21,23,119,8,7
Cam Reddish,39,847,,1%,82%,18%,,-10.7,-15.5,18,19,21,3,43,5,93,8,21
Cam Reddish,34,797,,1%,80%,19%,,-9.5,-14.7,17,16,20,3,38,5,93,7,20
Cam Reddish,5,50,,,100%,,,-29.2,-28.7,1,3,1,0,5,0,0,1,1
Davon Reed,28,399,,15%,66%,20%,,5.0,3.4,2,4,20,0,2,0,77,1,2
Paul Reed,21,185,,,,36%,65%,-11.2,-14.4,1,3,15,3,4,1,26,0,4
Naz Reid,52,830,,,,10%,90%,-4.9,-9.3,18,20,60,11,52,5,111,11,22
Nick Richards,40,340,,,,,100%,-11.2,-11.7,5,5,17,7,20,4,32,7,8
Josh Richardson,44,1087,1%,82%,16%,,,3.1,-3.0,19,9,39,3,25,6,166,3,17
Austin Rivers,40,845,2%,60%,37%,1%,,1.3,-1.3,13,14,26,2,9,3,111,1,11
Duncan Robinson,52,1425,2%,59%,39%,1%,,2.3,-5.3,19,11,63,6,13,10,185,3,19
Justin Robinson,25,304,87%,14%,,,,-18.3,-18.6,13,3,18,0,1,11,77,0,1
Justin Robinson,17,198,100%,,,,,-10.6,-15.8,9,1,12,0,0,8,51,0,0
Justin Robinson,3,15,100%,,,,,-67.5,-63.1,0,1,2,0,0,0,5,0,1
Justin Robinson,5,91,55%,45%,,,,-27.1,-17.5,4,1,4,0,1,3,21,0,0
Mitchell Robinson,49,1243,,,,,100%,-1.4,-0.7,9,8,72,14,64,4,54,17,18
Jeremiah Robinson-Earl,44,1014,,,,18%,82%,-11.2,-6.7,9,19,46,4,21,9,117,2,23
Isaiah Roby,18,246,,1%,8%,41%,51%,-5.4,1.9,2,9,17,4,11,1,33,3,6
Rajon Rondo,29,515,92%,8%,,,,-4.7,-6.5,43,9,17,1,3,5,278,1,9
Rajon Rondo,18,289,89%,12%,,,,-10.3,-9.9,28,6,11,0,0,5,155,0,4
Rajon Rondo,11,226,97%,4%,,,,2.5,-2.2,15,3,6,1,3,0,123,1,5
Derrick Rose,26,636,100%,,,,,6.3,9.7,25,13,6,0,15,4,245,3,17
Terrence Ross,47,1150,,26%,73%,,,-12.4,-7.0,41,13,16,5,49,3,224,18,20
Terry Rozier,47,1566,29%,71%,,,,-0.9,0.0,38,13,34,4,42,13,459,16,33
Ricky Rubio,34,970,47%,53%,,,,8.8,7.1,61,18,20,6,30,15,527,5,26
D'Angelo Russell,41,1314,67%,33%,,,,7.0,10.8,72,25,34,7,42,9,686,6,21
Domantas Sabonis,48,1665,,,,51%,49%,-0.9,4.6,51,54,72,31,118,7,590,31,38
Domantas Sabonis,47,1632,,,,51%,49%,-1.1,4.5,50,53,70,30,116,7,579,30,37
Domantas Sabonis,1,33,,,,57%,43%,5.7,10.6,1,1,2,1,2,0,11,1,1
Olivier Sarr,2,14,,,,,100%,-26.6,-19.6,0,0,1,0,1,0,0,0,1
Tomáš Satoranský,32,481,10%,57%,33%,1%,,-14.4,-13.1,13,7,6,1,15,5,182,5,6
Jordan Schakel,2,14,9%,91%,,,,18.2,21.4,0,0,0,0,0,0,0,0,2
Admiral Schofield,20,235,,8%,51%,41%,,-2.6,6.4,6,2,19,1,3,3,37,1,2
Dennis Schröder,49,1433,48%,51%,,,,1.7,-6.7,61,26,31,14,60,18,508,16,42
Tre Scott,2,11,,,17%,83%,,20.3,16.0,0,0,0,0,0,0,0,0,0
Jay Scrubb,18,121,25%,60%,16%,,,6.0,7.8,4,2,4,0,3,1,17,2,0
Wayne Selden,3,19,47%,48%,5%,,,-28.8,-27.9,0,0,0,0,2,0,2,0,1
Alperen Şengün,46,858,,,,29%,71%,-10.7,-1.9,34,30,71,17,65,19,275,17,29
Collin Sexton,11,316,8%,86%,6%,,,-6.2,-12.1,14,9,6,3,20,3,57,5,16
Landry Shamet,45,891,1%,81%,19%,,,7.5,-0.8,17,4,19,2,23,7,164,3,19
Day'Ron Sharpe,26,326,,,,,100%,5.0,5.2,9,10,30,2,16,2,29,4,14
Pascal Siakam,40,1516,,,,52%,49%,5.2,8.3,51,32,58,17,103,5,526,25,33
Chris Silva,10,91,,,,19%,81%,-13.3,-18.5,2,2,13,4,6,2,17,1,3
Chris Silva,1,3,,,,,100%,-75.0,-76.6,0,0,0,0,0,0,0,0,0
Chris Silva,9,88,,,,19%,81%,-11.2,-16.5,2,2,13,4,6,2,17,1,3
Marko Simonovic,9,35,,,,8%,92%,9.3,7.3,0,0,3,0,3,0,0,1,3
Anfernee Simons,50,1449,65%,35%,1%,,,-1.4,6.5,43,31,46,8,31,5,455,7,32
Jericho Sims,17,111,,,,4%,96%,-4.5,-3.6,0,2,7,0,2,0,2,0,0
Deividas Sirvydis,3,27,,3%,69%,28%,,-45.5,-35.7,0,0,1,0,0,1,2,0,1
Javonte Smart,13,160,77%,24%,,,,-8.0,-12.8,5,3,6,0,3,0,33,0,7
Marcus Smart,47,1549,100%,,,,,9.0,9.7,65,20,46,11,46,23,593,15,16
Dennis Smith Jr.,37,638,95%,5%,,,,-8.7,-5.6,31,13,15,2,30,3,324,11,20
Ish Smith,37,511,100%,,,,,-8.7,-9.6,21,11,20,1,8,4,227,3,10
Jalen Smith,29,382,,,,29%,71%,7.2,-1.0,7,3,28,7,24,6,14,6,8
Xavier Sneed,2,8,,88%,12%,,,-45.0,-49.8,0,0,1,0,0,0,0,0,0
Tony Snell,38,546,4%,24%,67%,5%,,-12.5,-10.1,9,2,21,0,2,0,48,1,3
Jaden Springer,2,6,,37%,63%,,,-59.8,-62.2,0,1,0,0,0,0,0,0,0
Cassius Stanley,9,155,5%,49%,46%,,,-4.4,6.2,3,2,9,1,5,2,10,2,2
Nik Stauskas,2,24,,9%,91%,,,33.7,29.2,0,0,1,0,2,1,3,0,0
Lance Stephenson,26,445,13%,45%,34%,9%,,-1.8,0.5,23,7,17,6,19,2,232,2,8
Lance Stephenson,6,70,,28%,48%,24%,,6.5,6.0,2,1,4,1,1,0,27,0,1
Lance Stephenson,20,375,15%,48%,31%,6%,,-3.3,-0.5,21,6,13,5,18,2,205,2,7
Lamar Stevens,39,576,,34%,54%,12%,,0.5,-5.0,8,12,30,2,20,2,63,8,13
Isaiah Stewart,46,1194,,,,2%,98%,-12.4,-4.0,13,13,60,21,36,6,124,11,28
Max Strus,43,1038,,12%,50%,39%,,4.8,0.0,18,9,50,1,15,13,132,4,13
Jalen Suggs,35,979,53%,47%,,,,-8.5,-0.1,56,36,46,10,52,16,358,11,36
Craig Sword,3,19,34%,66%,,,,14.5,17.7,0,1,4,0,0,0,3,0,0
Keifer Sykes,18,353,100%,,,,,-5.7,-3.3,10,8,11,1,4,5,96,1,5
Jae'Sean Tate,52,1418,,1%,45%,54%,,-10.4,-2.2,44,27,82,17,63,18,400,18,40
Jayson Tatum,52,1874,,,60%,40%,,8.6,12.0,68,50,43,23,125,6,536,27,64
Terry Taylor,10,166,,20%,72%,8%,,-5.3,-2.5,2,0,9,1,4,1,41,2,8
Garrett Temple,50,984,19%,81%,,,,-15.8,-19.5,19,10,37,7,16,6,151,4,13
Emanuel Terry,3,18,,,,8%,93%,-51.4,-59.8,2,1,2,1,0,0,4,0,0
Tyrell Terry,2,3,100%,,,,,-25.0,-29.7,0,0,0,0,0,0,0,0,0
Jon Teske,3,8,,,,,100%,-25.8,-30.6,0,0,0,0,0,0,3,0,0
Daniel Theis,26,584,,,,61%,40%,-17.4,-10.2,17,6,34,6,17,6,52,4,7
Brodric Thomas,7,28,61%,39%,,,,12.0,7.2,1,2,1,0,1,0,14,0,0
Cam Thomas,43,785,1%,57%,38%,3%,,-6.1,-9.4,12,14,27,3,25,0,114,7,17
Isaiah Thomas,5,114,100%,,,,,-12.9,-12.4,3,1,6,0,5,1,23,0,1
Isaiah Thomas,4,101,100%,,,,,-13.3,-12.3,3,1,6,0,5,1,15,0,1
Isaiah Thomas,1,13,100%,,,,,-9.9,-13.2,0,0,0,0,0,0,8,0,0
Matt Thomas,32,417,47%,50%,4%,,,1.5,-0.7,3,1,8,0,5,1,46,1,5
Klay Thompson,12,287,1%,48%,47%,5%,,12.7,5.3,8,6,11,0,10,1,88,1,5
Tristan Thompson,30,455,,,,52%,47%,-5.7,-1.1,2,9,20,14,23,0,44,4,19
JT Thor,15,128,,5%,13%,16%,66%,-0.1,0.9,3,1,8,0,7,1,21,4,1
Matisse Thybulle,39,1034,3%,42%,53%,2%,,2.0,-0.3,14,8,37,2,7,16,106,3,1
Killian Tillie,32,427,,,,29%,71%,5.5,1.1,6,2,36,1,2,2,47,0,9
Xavier Tillman Sr.,39,510,,,28%,63%,10%,-1.8,-7.9,7,6,30,9,23,0,97,4,6
Isaiah Todd,9,35,,,12%,49%,39%,14.1,17.4,1,0,1,0,1,0,3,0,0
Obi Toppin,50,775,,,,97%,3%,9.0,14.2,11,8,31,9,41,1,121,8,19
Juan Toscano-Anderson,53,799,,5%,66%,27%,1%,4.0,-5.7,32,8,44,8,21,5,261,5,17
Karl-Anthony Towns,48,1648,,,,,100%,4.3,7.4,66,26,69,48,134,5,473,50,63
Gary Trent Jr.,44,1533,14%,85%,1%,,,4.2,5.9,18,12,31,9,36,11,213,8,24
P.J. Tucker,48,1359,,,,94%,6%,6.5,3.5,19,8,45,13,11,16,262,1,13
Rayjon Tucker,3,29,23%,71%,6%,,,2.7,0.6,0,0,0,0,1,0,11,0,0
Myles Turner,42,1235,,,,,100%,-0.4,4.5,18,13,70,17,52,8,107,15,15
Jonas Valančiūnas,48,1503,,,,,100%,-1.4,5.2,36,27,75,38,88,5,278,16,30
Denzel Valentine,24,222,5%,65%,31%,,,-4.9,-10.3,4,6,7,0,0,0,29,0,1
Denzel Valentine,22,204,5%,71%,25%,,,-5.5,-10.8,4,4,7,0,0,0,29,0,1
Denzel Valentine,2,18,,,100%,,,1.3,-5.3,0,2,0,0,0,0,0,0,0
Jarred Vanderbilt,50,1301,,,1%,95%,4%,6.4,9.5,25,13,59,8,39,12,168,12,34
Fred VanVleet,48,1851,97%,3%,,,,5.1,11.8,84,32,45,8,57,20,804,14,33
Devin Vassell,47,1195,,12%,73%,16%,,0.7,1.6,20,10,47,2,25,5,177,5,18
Gabe Vincent,46,1099,69%,31%,,,,4.2,-1.1,50,12,47,10,15,21,379,2,12
Nikola Vučević,48,1618,,,,,100%,2.4,0.7,39,27,80,15,33,1,434,8,26
Dean Wade,40,763,,,58%,38%,4%,0.8,-5.1,9,6,27,1,9,2,114,4,3
Franz Wagner,56,1795,,1%,70%,29%,1%,-6.4,6.0,42,29,59,4,72,6,391,15,71
Moritz Wagner,45,564,,,,24%,76%,-6.6,2.3,10,5,28,12,34,18,127,11,11
Ish Wainright,27,201,,2%,35%,60%,4%,4.8,-3.5,3,1,17,6,3,2,23,1,4
Kemba Walker,33,853,100%,,,,,-10.2,-13.7,27,14,21,0,24,24,287,3,15
Lonnie Walker IV,50,1133,2%,53%,44%,1%,,-0.5,-0.6,26,11,38,2,41,1,278,6,21
M.J. Walker,2,8,,65%,35%,,,-11.7,-19.8,0,0,0,0,0,0,2,0,1
Derrick Walton,3,108,100%,,,,,-2.2,8.3,7,2,4,1,2,0,50,0,1
Brad Wanamaker,23,320,92%,8%,,,,-4.6,-2.2,15,5,17,1,12,1,133,5,12
Brad Wanamaker,22,293,92%,9%,,,,-7.7,-5.4,15,5,16,1,10,1,117,4,12
Brad Wanamaker,1,27,100%,,,,,28.5,31.9,0,0,1,0,2,0,16,1,0
Duane Washington Jr.,24,505,59%,41%,,,,-10.4,-9.2,15,10,21,0,12,5,111,2,16
P.J. Washington,39,958,,,1%,21%,78%,-0.8,0.2,29,16,58,5,29,4,197,5,19
Yuta Watanabe,23,353,,5%,60%,31%,3%,-8.0,-11.4,8,6,13,2,13,3,38,2,6
Tremont Waters,3,50,100%,,,,,-18.1,-19.5,2,2,3,0,0,0,16,0,0
Tremont Waters,2,42,100%,,,,,-26.7,-29.0,2,2,2,0,0,0,16,0,0
Tremont Waters,1,8,100%,,,,,27.2,30.4,0,0,1,0,0,0,0,0,0
Trendon Watford,30,364,,,,45%,55%,-12.3,-9.1,9,2,27,7,16,3,67,4,4
Paul Watson,9,156,,13%,27%,60%,,-18.3,-11.9,2,0,4,2,0,0,19,0,1
Quinndary Weatherspoon,5,33,7%,62%,31%,,,-9.1,-17.3,2,0,1,1,1,0,5,0,0
Russell Westbrook,55,1902,91%,8%,1%,,,-3.4,-6.3,147,47,53,19,125,10,995,26,60
Coby White,35,961,99%,1%,,,,-0.9,-4.7,20,10,42,9,30,4,214,6,19
Derrick White,49,1486,16%,78%,6%,,,1.4,3.4,49,27,63,4,70,37,631,16,19
Hassan Whiteside,43,786,,,,,100%,9.0,3.5,7,11,82,13,53,2,42,15,24
Joe Wieskamp,14,88,3%,7%,90%,,,-1.3,-1.2,1,0,3,0,3,1,9,0,1
Aaron Wiggins,31,680,9%,69%,21%,1%,,-0.7,8.7,17,5,24,2,20,0,76,7,9
Andrew Wiggins,50,1580,,1%,65%,32%,2%,9.0,2.5,32,24,49,11,86,7,275,24,29
Lindell Wigginton,6,25,100%,,,,,-40.9,-45.4,1,0,2,0,0,0,7,0,0
Brandon Williams,2,12,100%,,,,,77.2,82.0,0,0,0,0,3,0,4,1,0
Grant Williams,51,1165,,,3%,93%,4%,1.2,-6.4,17,8,53,9,18,15,141,4,8
Kenrich Williams,46,995,,3%,63%,33%,1%,1.3,13.5,21,18,34,4,21,20,237,2,18
Lou Williams,37,541,81%,19%,,,,-0.8,-1.9,21,7,8,0,21,2,176,4,6
Patrick Williams,5,125,,,,80%,20%,3.8,1.8,2,0,3,0,0,1,7,0,2
Robert Williams,45,1335,,,,39%,61%,8.5,7.1,22,11,65,7,35,0,223,10,8
Ziaire Williams,36,775,,2%,96%,2%,,0.9,-5.2,9,6,43,0,9,4,80,2,11
D.J. Wilson,3,48,,,,18%,82%,-15.9,-18.1,2,0,4,0,1,0,8,0,1
Dylan Windler,37,344,,63%,36%,2%,,-1.9,-7.3,7,2,23,2,5,1,61,1,4
Justise Winslow,40,565,,,10%,73%,17%,2.2,5.3,23,14,22,5,19,1,143,1,15
Justise Winslow,37,479,,,8%,72%,20%,5.2,8.0,21,12,20,4,18,1,128,1,14
Justise Winslow,3,86,,,22%,78%,,-14.1,-9.9,2,2,2,1,1,0,15,0,1
Cassius Winston,2,7,58%,42%,,,,-31.3,-28.3,1,0,0,0,0,0,5,0,0
Christian Wood,51,1584,,,,,100%,-10.4,-2.5,37,33,66,22,97,5,266,22,41
Robert Woodard II,12,42,,,48%,52%,,12.5,17.5,0,1,3,0,1,1,7,0,2
Delon Wright,49,893,40%,59%,1%,,,0.9,0.4,21,10,14,0,16,8,318,2,10
McKinley Wright IV,3,9,86%,14%,,,,-50.0,-51.7,1,0,1,0,0,0,3,0,0
Moses Wright,1,1,,,,,100%,16.7,18.1,0,0,0,0,0,0,2,0,0
Thaddeus Young,26,370,,,2%,7%,91%,-3.6,-4.1,19,9,19,2,7,5,139,4,9
Trae Young,49,1692,100%,,,,,1.8,3.5,152,37,31,4,88,20,1056,18,65
Omer Yurtseven,39,558,,,,,100%,7.1,2.9,10,8,41,11,26,3,104,8,13
Cody Zeller,27,355,,,,,100%,-2.8,2.0,5,3,19,8,17,4,56,1,14
Ivica Zubac,50,1197,,,,,100%,-6.6,-9.3,25,19,75,14,65,5,149,7,28
