playerid,name,twit_url,twit_handle,insta_url,insta_handle,twit_id,twit_followers_count,twit_tweet_count,2021-22,2022-23,2023-24,2024-25,2025-26,2026-27,Guaranteed
201580,JaVale McGee,https://twitter.com/JaValeMcGee,JaValeMcGee,https://instagram.com/javalemcgee,javalemcgee,24838521,365149,12454,5000000.0,0.0,0.0,0.0,0.0,0.0,5000000.0
1626164,Devin Booker,https://twitter.com/DevinBook,DevinBook,https://instagram.com/dbook,dbook,237073728,1089895,9161,31610000.0,33790000.0,35970000.0,0.0,0.0,0.0,101370000.0
203901,Elfrid Payton,https://twitter.com/elfrid,elfrid,https://instagram.com/elfrid,elfrid,253527338,66291,10892,2239544.0,0.0,0.0,0.0,0.0,0.0,2239544.0
101108,Chris Paul,https://twitter.com/CP3,CP3,https://instagram.com/cp3,cp3,53853197,8413220,6510,30800000.0,28400000.0,30800000.0,30000000.0,0.0,0.0,75000000.0
1626163,Frank Kaminsky,https://twitter.com/FSKPart3,FSKPart3,https://instagram.com/fskpart3,fskpart3,135026973,211534,7093,2089448.0,0.0,0.0,0.0,0.0,0.0,2089448.0
1630188,Jalen Smith,https://twitter.com/thejalen_smith,thejalen_smith,https://instagram.com/thejalen_smith,thejalen_smith,2888477464,12142,5509,4458000.0,4670160.0,5954454.0,0.0,0.0,0.0,4458000.0
1627846,Abdel Nader,https://twitter.com/AbdelNader2,AbdelNader2,https://instagram.com/dulenader2,dulenader2,3228860910,18530,479,2000000.0,2160000.0,0.0,0.0,0.0,0.0,2000000.0
1630688,Ish Wainright,https://twitter.com/Wainright24,Wainright24,https://instagram.com/mailman24,mailman24,79876282,16934,26991,53176.0,0.0,0.0,0.0,0.0,0.0,375000.0
1629013,Landry Shamet,https://twitter.com/landryshamet,landryshamet,https://instagram.com/landryshamet,landryshamet,241692721,35859,7251,3768342.0,9598214.0,10366071.0,11133929.0,11901786.0,0.0,46768342.0
1626166,Cameron Payne,https://twitter.com/campayne,campayne,https://instagram.com/smoothcp1,smoothcp1,96706848,35871,14964,6500000.0,6000000.0,6500000.0,0.0,0.0,0.0,14500000.0
202687,Bismack Biyombo,https://twitter.com/bismackbiyombo,bismackbiyombo,https://instagram.com/bismackbiyombo,bismackbiyombo,273532957,55217,3054,2732784.0,0.0,0.0,0.0,0.0,0.0,3036426.0
203967,Dario Saric,https://twitter.com/dariosaric,dariosaric,https://instagram.com/megalodon20,megalodon20,797153299287998464,32588,10,9000000.0,9666667.0,0.0,0.0,0.0,0.0,18666667.0
1629028,Deandre Ayton,https://twitter.com/DeandreAyton,DeandreAyton,https://instagram.com/deandreayton,deandreayton,3834430036,127731,983,12632950.0,0.0,0.0,0.0,0.0,0.0,12632950.0
1629661,Cameron Johnson,,,https://instagram.com/camjohnson23,camjohnson23,0,0,0,4437000.0,5887899.0,0.0,0.0,0.0,0.0,10324899.0
1628969,Mikal Bridges,https://twitter.com/mikal_bridges,mikal_bridges,https://instagram.com/mikalbridges,mikalbridges,994335752312979463,44320,1477,5557725.0,20089286.0,21696429.0,23303571.0,24910714.0,0.0,95557725.0
203109,Jae Crowder,https://twitter.com/CJC9BOSS,CJC9BOSS,https://instagram.com/bossmann99,bossmann99,125408809,197431,8522,9720900.0,10183800.0,0.0,0.0,0.0,0.0,19904700.0
1629216,Gabe Vincent,https://twitter.com/iamgabevincent2,iamgabevincent2,https://instagram.com/iamgabevincent2,iamgabevincent2,747694509035753472,8415,8439,1669178.0,1815677.0,0.0,0.0,0.0,0.0,1669178.0
203506,Victor Oladipo,https://twitter.com/VicOladipo,VicOladipo,https://instagram.com/vicoladipo,vicoladipo,87874905,320652,4129,2389641.0,0.0,0.0,0.0,0.0,0.0,2389641.0
1629657,Kyle Guy,https://twitter.com/kylejguy,kylejguy,https://instagram.com/kylejguy,kylejguy,316855068,45128,20844,106352.0,0.0,0.0,0.0,0.0,0.0,383720.0
200768,Kyle Lowry,https://twitter.com/Klow7,Klow7,https://instagram.com/kyle_lowry7,kyle_lowry7,28066436,920819,7273,26984128.0,28333334.0,29682540.0,0.0,0.0,0.0,85000002.0
202693,Markieff Morris,https://twitter.com/Keefmorris,Keefmorris,https://instagram.com/keefmorris5.0,keefmorris5.0,167821244,96406,3552,2641691.0,0.0,0.0,0.0,0.0,0.0,2641691.0
1629644,KZ Okpala,https://twitter.com/kz_okpala_,kz_okpala_,https://instagram.com/kzokpala,kzokpala,3051672376,3318,28,1782621.0,0.0,0.0,0.0,0.0,0.0,1782621.0
1628389,Bam Adebayo,https://twitter.com/Bam1of1,Bam1of1,https://instagram.com/Bam1of1,Bam1of1,555653709,206216,14268,28103550.0,30351834.0,32600118.0,34848402.0,37096686.0,0.0,163000590.0
1629639,Tyler Herro,https://twitter.com/raf_tyler,raf_tyler,https://instagram.com/nolimitherro,nolimitherro,2352361094,332786,2915,4004280.0,5722116.0,0.0,0.0,0.0,0.0,9726396.0
1628997,Caleb Martin,https://twitter.com/Calebmartin14,Calebmartin14,https://instagram.com/caleb_martin10,caleb_martin10,538636537,13762,5729,53176.0,,,,,,
200782,P.J. Tucker,,,https://instagram.com/pjtucker,pjtucker,0,0,0,7000000.0,7350000.0,0.0,0.0,0.0,0.0,7000000.0
203473,Dewayne Dedmon,https://twitter.com/d_dedmon3,d_dedmon3,https://instagram.com/d_dedmon3,d_dedmon3,249001367,17408,3950,10512616.0,5733334.0,5733334.0,5733334.0,0.0,0.0,13856309.0
202710,Jimmy Butler,https://twitter.com/JimmyButler,JimmyButler,https://instagram.com/jimmybutler,jimmybutler,255199842,795925,5410,36016200.0,37653300.0,45183960.0,48798677.0,52413394.0,0.0,167652137.0
1629735,Chris Silva,https://twitter.com/SilvaObame,SilvaObame,https://instagram.com/correiaysilva,correiaysilva,862216146,10457,2282,479650.0,0.0,0.0,0.0,0.0,0.0,1630810.0
1629622,Max Strus,,,https://instagram.com/maxstrus,maxstrus,0,0,0,1669178.0,1815677.0,0.0,0.0,0.0,0.0,1669178.0
2617,Udonis Haslem,https://twitter.com/ThisIsUD,ThisIsUD,https://instagram.com/ud40,ud40,388014562,401122,646,2641691.0,0.0,0.0,0.0,0.0,0.0,2641691.0
1629130,Duncan Robinson,https://twitter.com/D_Bo20,D_Bo20,https://instagram.com/d_bo20,d_bo20,277095600,46180,764,15560000.0,16902000.0,18154000.0,19406000.0,19888000.0,0.0,79910000.0
1630209,Omer Yurtseven,https://twitter.com/OmerYurtseven5,OmerYurtseven5,https://instagram.com/omeryurtseven,omeryurtseven,889322832,14467,330,1489065.0,1752638.0,0.0,0.0,0.0,0.0,1489065.0
1630792,Malcolm Hill,https://twitter.com/Malcolmillini21,Malcolmillini21,https://instagram.com/malcolmillini21,malcolmillini21,292073449,9695,6712,106352.0,0.0,0.0,0.0,0.0,0.0,106352.0
1629632,Coby White,https://twitter.com/CobyWhite,CobyWhite,https://instagram.com/cobywhite,cobywhite,3051555746,67348,2993,5837760.0,7413955.0,0.0,0.0,0.0,0.0,5837760.0
1628366,Lonzo Ball,https://twitter.com/ZO2_,ZO2_,https://instagram.com/zo,zo,909102066,1297437,4506,18604651.0,19534884.0,20465117.0,21395348.0,0.0,0.0,58604652.0
1627884,Derrick Jones Jr.,https://twitter.com/TheRea1DJones,TheRea1DJones,https://instagram.com/therea1djones,therea1djones,2952137993,32775,680,9720900.0,0.0,0.0,0.0,0.0,0.0,9720900.0
1627936,Alex Caruso,https://twitter.com/ACFresh21,ACFresh21,https://instagram.com/acfresh21,acfresh21,255792011,356924,5962,8604651.0,9034884.0,9465116.0,9895349.0,0.0,0.0,37000000.0
1628972,Troy Brown Jr.,https://twitter.com/Troy_Brown33,Troy_Brown33,https://instagram.com/troybrown.jr,troybrown.jr,614127319,23443,6214,5170564.0,0.0,0.0,0.0,0.0,0.0,5170564.0
203897,Zach LaVine,https://twitter.com/ZachLaVine,ZachLaVine,https://instagram.com/zachlavine8,zachlavine8,405205681,522082,3792,19500000.0,0.0,0.0,0.0,0.0,0.0,19500000.0
202696,Nikola Vucevic,https://twitter.com/NikolaVucevic,NikolaVucevic,https://instagram.com/nikola9vucevic,nikola9vucevic,2423100775,160385,2003,24000000.0,22000000.0,0.0,0.0,0.0,0.0,46000000.0
201942,DeMar DeRozan,https://twitter.com/DeMar_DeRozan,DeMar_DeRozan,https://instagram.com/demar_derozan,demar_derozan,43658360,706849,8347,26000000.0,27300000.0,28600000.0,0.0,0.0,0.0,81900000.0
1630245,Ayo Dosunmu,https://twitter.com/AyoDos_11,AyoDos_11,https://instagram.com/ayodos_11,ayodos_11,390361409,60263,9420,925258.0,1563518.0,0.0,0.0,0.0,0.0,925258.0
1628396,Tony Bradley,https://twitter.com/ToBrad1,ToBrad1,https://instagram.com/tobrad13,tobrad13,1563943224,21710,1253,1789256.0,2036318.0,0.0,0.0,0.0,0.0,1789256.0
1630250,Marko Simonovic,https://twitter.com/simke12,simke12,https://instagram.com/simke_12,simke_12,322287802,3225,91,925258.0,1563518.0,1836096.0,0.0,0.0,0.0,2488776.0
1629744,Matt Thomas,https://twitter.com/Theiceman_21,Theiceman_21,https://instagram.com/mattthomas_21,mattthomas_21,224323175,34934,3490,1669178.0,0.0,0.0,0.0,0.0,0.0,1669178.0
1629750,Javonte Green,https://twitter.com/2Xtremebounce,2Xtremebounce,https://instagram.com/savagewoo2,savagewoo2,2239445641,22720,5755,1669178.0,1815677.0,0.0,0.0,0.0,0.0,3484855.0
1629076,Tyler Cook,https://twitter.com/iamtc25,iamtc25,https://instagram.com/iamtc25,iamtc25,892394255699857409,15540,2753,53176.0,,,,,,
1628035,Alfonzo McKinnie,https://twitter.com/_Alvo_,_Alvo_,https://instagram.com/_alvo_,_alvo_,234661277,19379,1421,3270021.0,6108954.0,0.0,0.0,0.0,0.0,606528.0
1630172,Patrick Williams,https://twitter.com/patricklw4,patricklw4,https://instagram.com/patwilliams,patwilliams,1327014184953921537,26396,49,7422000.0,7775400.0,9835881.0,0.0,0.0,0.0,15197400.0
1627780,Gary Payton II,https://twitter.com/Garydwayne,GaryPayton,https://www.instagram.com/garydwayne,garydwayne,242982376,126750,2740,1939350.0,0.0,0.0,0.0,0.0,0.0,350000.0
1630228,Jonathan Kuminga,https://twitter.com/JonathanKuming6,JonathanKuming6,https://instagram.com/jonathan_kuminga,jonathan_kuminga,869261925615640577,28783,540,5466360.0,5739960.0,6012720.0,7636154.0,0.0,0.0,11206320.0
1627814,Damion Lee,https://twitter.com/Dami0nLee,Dami0nLee,https://instagram.com/dami0nlee,dami0nlee,99208535,40567,317,1910860.0,0.0,0.0,0.0,0.0,0.0,0.0
1629185,Chris Chiozza,https://twitter.com/Chiozza11,Chiozza11,https://instagram.com/chiozza11,chiozza11,318181107,14127,4761,53176.0,,,,,,
1629673,Jordan Poole,,,https://instagram.com/jordan_poole,jordan_poole,0,0,0,2161440.0,3901399.0,0.0,0.0,0.0,0.0,6062839.0
1630541,Moses Moody,https://twitter.com/mosesmoody,mosesmoody,https://instagram.com/mosesmoody,mosesmoody,800935000896053248,28930,1706,3562080.0,3740160.0,3918480.0,5803269.0,0.0,0.0,7302240.0
1626172,Kevon Looney,https://twitter.com/Loon_Rebel5,Loon_Rebel5,https://instagram.com/looney,looney,40805394,58454,2076,5178572.0,0.0,0.0,0.0,0.0,0.0,5178572.0
202357,Nemanja Bjelica,https://twitter.com/NemanjaBjelica,NemanjaBjelica,https://instagram.com/nemanjabjelica8,nemanjabjelica8,3695411717,42663,236,2089448.0,0.0,0.0,0.0,0.0,0.0,2089448.0
2738,Andre Iguodala,https://twitter.com/andre,andre,https://instagram.com/andre,andre,331283041,1326440,8646,2641691.0,0.0,0.0,0.0,0.0,0.0,2641691.0
202691,Klay Thompson,https://twitter.com/KlayThompson,KlayThompson,https://instagram.com/klaythompson,klaythompson,1703636814,1642064,605,37980720.0,40600080.0,43219440.0,0.0,0.0,0.0,121800240.0
1629683,Quinndary Weatherspoon,https://twitter.com/IAM_QUINN11,IAM_QUINN11,https://instagram.com/iamquinn_11,iamquinn_11,222840403,11516,4092,53176.0,0.0,0.0,0.0,0.0,0.0,95930.0
203952,Andrew Wiggins,https://twitter.com/22wiggins,22wiggins,https://instagram.com/22wiggins,22wiggins,231209225,520428,1335,31579390.0,33616770.0,0.0,0.0,0.0,0.0,65196160.0
203110,Draymond Green,https://twitter.com/Money23Green,Money23Green,https://instagram.com/money23green,money23green,116485600,1616732,19740,24026712.0,25806469.0,27586225.0,0.0,0.0,0.0,49833181.0
201939,Stephen Curry,https://twitter.com/StephenCurry30,StephenCurry30,https://instagram.com/stephencurry30,stephencurry30,42562446,15826000,7672,45780966.0,48070014.0,51915615.0,55761216.0,59606817.0,0.0,261134628.0
203490,Otto Porter Jr.,https://twitter.com/OttoPorter,OttoPorter,,,628179167,2289,691,2389641.0,0.0,0.0,0.0,0.0,0.0,2389641.0
1630164,James Wiseman,https://twitter.com/BigTicket_JW,BigTicket_JW,https://instagram.com/bigticket_j13,bigticket_j13,720405636182216704,60813,1032,9166800.0,9603360.0,12119440.0,0.0,0.0,0.0,18770160.0
1629308,Juan Toscano-Anderson,https://twitter.com/juanonjuan10,juanonjuan10,https://instagram.com/juanonjuan10,juanonjuan10,922918128543289349,83181,4251,1701593.0,0.0,0.0,0.0,0.0,0.0,1701593.0
1630178,Tyrese Maxey,https://twitter.com/TyreseMaxey,TyreseMaxey,https://instagram.com/tyresemaxey,tyresemaxey,2453367787,79817,7384,2602920.0,2726880.0,4343920.0,0.0,0.0,0.0,5329800.0
203083,Andre Drummond,https://twitter.com/AndreDrummond,AndreDrummond,https://instagram.com/andredrummondd,andredrummondd,244800486,846677,20843,2401537.0,0.0,0.0,0.0,0.0,0.0,2401537.0
1629619,Myles Powell,https://twitter.com/YDWILU,YDWILU,https://instagram.com/2mbp_,2mbp_,1377112092512198656,2987,44,53176.0,,,,,,
1630198,Isaiah Joe,https://twitter.com/zai_joe1,zai_joe1,https://instagram.com/zai.joe1,zai.joe1,401513961,19629,532,1517981.0,1782621.0,0.0,0.0,0.0,0.0,1517981.0
1630531,Jaden Springer,https://twitter.com/jadenspringer11,jadenspringer11,https://instagram.com/jaden,jaden,3219844094,13601,126,2023800.0,2125200.0,2226360.0,4018580.0,0.0,0.0,4149000.0
202699,Tobias Harris,https://twitter.com/tobias31,tobias31,https://instagram.com/tobiasharris,tobiasharris,25015718,245733,25460,36000000.0,38482759.0,40965517.0,0.0,0.0,0.0,115448276.0
201980,Danny Green,https://twitter.com/DGreen_14,DGreen_14,https://instagram.com/greenranger14,greenranger14,269552973,634863,13194,10000000.0,10000000.0,0.0,0.0,0.0,0.0,10000000.0
1629718,Charlie Brown Jr.,https://twitter.com/charleskbrownjr,charleskbrownjr,https://www.instagram.com/charleskbrownjr,charleskbrownjr,3241195881,3248,6279,106352.0,0.0,0.0,0.0,0.0,0.0,191860.0
1629003,Shake Milton,https://twitter.com/SniperShake,SniperShake,https://instagram.com/snipershake,snipershake,295906573,26077,294,1846738.0,1997718.0,0.0,0.0,0.0,0.0,1846738.0
1627777,Georges Niang,https://twitter.com/GeorgesNiang20,GeorgesNiang20,https://instagram.com/georgesniang,georgesniang,234608321,84528,18095,3300000.0,3465000.0,0.0,0.0,0.0,0.0,6765000.0
203954,Joel Embiid,https://twitter.com/JoelEmbiid,JoelEmbiid,https://instagram.com/joelmbiid,joelmbiid,416814339,1919448,2803,31579390.0,33616770.0,43732500.0,47231100.0,50729700.0,54228300.0,206889460.0
1629680,Matisse Thybulle,https://twitter.com/MatisseThybulle,MatisseThybulle,https://instagram.com/theycallmetisse,theycallmetisse,2330719896,89661,1292,2840160.0,4379527.0,0.0,0.0,0.0,0.0,7219687.0
1629646,Charles Bassey,https://twitter.com/CB_ONES23,CB_ONES23,https://instagram.com/cb_ones23,cb_ones23,920789423951884289,4792,1972,925258.0,1563518.0,1836096.0,0.0,0.0,0.0,1000000.0
1627732,Ben Simmons,https://twitter.com/BenSimmons25,BenSimmons25,https://instagram.com/bensimmons,bensimmons,1063034450,1026080,566,31590000.0,33930000.0,36270000.0,38610000.0,0.0,0.0,140400000.0
1627788,Furkan Korkmaz,https://twitter.com/FurkanKorkmaz,FurkanKorkmaz,https://instagram.com/furkankorkmaz,furkankorkmaz,851651556,101875,1138,4629630.0,5000000.0,5370370.0,0.0,0.0,0.0,15000000.0
203552,Seth Curry,https://twitter.com/sdotcurry,sdotcurry,https://instagram.com/sdotcurry,sdotcurry,39676694,339693,5766,8186047.0,8558140.0,0.0,0.0,0.0,0.0,16744187.0
1630194,Paul Reed,https://twitter.com/Bball_paul,Bball_paul,https://instagram.com/bball_paul,bball_paul,480386538,20610,6551,1517981.0,1782621.0,0.0,0.0,0.0,0.0,0.0
1629001,De'Anthony Melton,https://twitter.com/DeAnthonyMelton,DeAnthonyMelton,https://instagram.com/deanthonymelton,deanthonymelton,1164534054,10633,5277,8437500.0,9062500.0,9687500.0,0.0,0.0,0.0,27187500.0
203937,Kyle Anderson,https://twitter.com/KyleAnderson5,KyleAnderson5,https://instagram.com/teamslowmo,teamslowmo,86651903,54278,56899,9937150.0,0.0,0.0,0.0,0.0,0.0,9937150.0
1630214,Xavier Tillman,https://twitter.com/Rookiedunker,Rookiedunker,https://instagram.com/xavier_tillman23,xavier_tillman23,1562059801,21371,2551,53176.0,,,,,,
1630179,Tyrell Terry,https://twitter.com/tyterry05,tyterry05,https://instagram.com/tyterry_,tyterry_,2922422651,9858,424,3035962.0,3565242.0,0.0,0.0,0.0,0.0,3386180.0
203500,Steven Adams,https://twitter.com/RealStevenAdams,RealStevenAdams,https://instagram.com/stevenadams,stevenadams,1253284927,214597,1644,17073171.0,17926829.0,0.0,0.0,0.0,0.0,35000000.0
1630582,Yves Pons,https://twitter.com/Airpons,Airpons,https://instagram.com/yves_airpons,yves_airpons,793894676,12488,82,53176.0,,,,,,
1630583,Santi Aldama,https://twitter.com/santialdama,santialdama,https://instagram.com/santialdama,santialdama,2210523525,5638,308,1994520.0,2094240.0,2194200.0,3960531.0,0.0,0.0,4088760.0
1630533,Ziaire Williams,https://twitter.com/therealZiaire,therealZiaire,https://instagram.com/ziaire,ziaire,716418252277059585,19311,471,4373160.0,4591920.0,4810200.0,6133005.0,0.0,0.0,8965080.0
1629630,Ja Morant,https://twitter.com/JaMorant,JaMorant,https://instagram.com/jamorant,jamorant,3165563219,1537673,10426,9603360.0,12119440.0,0.0,0.0,0.0,0.0,21722800.0
1628991,Jaren Jackson Jr.,https://twitter.com/jarenjacksonjr,jarenjacksonjr,https://www.instagram.com/jaren,jaren,753792894486675457,163581,1947,9180560.0,23437500.0,25312500.0,27187500.0,29062500.0,0.0,114180560.0
1629634,Brandon Clarke,https://twitter.com/brandonclarke23,brandonclarke23,https://instagram.com/brandon_clarke23,brandon_clarke23,381841868,28566,761,2726880.0,4343920.0,0.0,0.0,0.0,0.0,7070800.0
1626145,Tyus Jones,https://twitter.com/1Tyus,1Tyus,https://instagram.com/1tyus,1tyus,393722870,157482,8515,7522200.0,0.0,0.0,0.0,0.0,0.0,7522200.0
1630217,Desmond Bane,https://twitter.com/DBane0625,DBane0625,https://instagram.com/_dbane1,_dbane1,2214875666,22937,11274,2033160.0,2130240.0,3845083.0,0.0,0.0,0.0,4163400.0
1629633,Jarrett Culver,https://twitter.com/jarrettc08,jarrettc08,https://instagram.com/jarrett_23,jarrett_23,1317724028,34068,4623,6395160.0,8109063.0,0.0,0.0,0.0,0.0,6395160.0
1628415,Dillon Brooks,https://twitter.com/dillonbrooks24,dillonbrooks24,https://instagram.com/dillonbrooks24,dillonbrooks24,367771939,27245,5961,12200000.0,11400000.0,0.0,0.0,0.0,0.0,23600000.0
1629681,Killian Tillie,https://twitter.com/KillianTillie,KillianTillie,https://instagram.com/kill_till_33,kill_till_33,1315958215,9318,1300,2000000.0,2000000.0,0.0,0.0,0.0,0.0,4000000.0
1629723,John Konchar,https://twitter.com/konchjitty55,konchjitty55,https://instagram.com/konchar,konchar,1029634597133451264,3387,70,2197674.0,2302326.0,2406977.0,0.0,0.0,0.0,6906977.0
201567,Kevin Love,https://twitter.com/kevinlove,kevinlove,https://instagram.com/kevinlove,kevinlove,217160945,3181789,2939,31300000.0,28900000.0,0.0,0.0,0.0,0.0,60200000.0
1629164,Brandon Goodwin,https://twitter.com/goodysav,goodysav,https://instagram.com/toughlay,toughlay,4068844265,13194,5605,53176.0,0.0,0.0,0.0,0.0,0.0,99380.0
200765,Rajon Rondo,https://twitter.com/RajonRondo,RajonRondo,https://instagram.com/rajonrondo,rajonrondo,150846769,1625940,1071,5283382.0,0.0,0.0,0.0,0.0,0.0,7500000.0
1629012,Collin Sexton,https://twitter.com/CollinSexton02,CollinSexton02,https://instagram.com/collinyoungbull,collinyoungbull,1082311439694659584,50007,240,6349671.0,0.0,0.0,0.0,0.0,0.0,6349671.0
201937,Ricky Rubio,https://twitter.com/rickyrubio9,rickyrubio9,https://instagram.com/ruuufio,ruuufio,31451582,2877519,3843,17809524.0,0.0,0.0,0.0,0.0,0.0,17809524.0
1630596,Evan Mobley,https://twitter.com/evanmobley,evanmobley,https://instagram.com/evanmobley4,evanmobley4,3285850261,33008,2041,8075160.0,8478720.0,8882760.0,11227809.0,0.0,0.0,16553880.0
1630612,RJ Nembhard Jr.,https://twitter.com/RubeNembhard,RubeNembhard,,,746783520,3369,6994,53176.0,,,,,,
1630698,Kevin Pangos,https://twitter.com/KPangos,KPangos,https://instagram.com/kpangos,kpangos,257778707,31107,4070,1669178.0,1815677.0,0.0,0.0,0.0,0.0,1669178.0
1630205,Lamar Stevens,https://twitter.com/LamarStevens11,LamarStevens11,https://instagram.com/marstevens11,marstevens11,1022960174468931584,6375,1320,1517981.0,1782621.0,1930681.0,0.0,0.0,0.0,0.0
1629685,Dylan Windler,https://twitter.com/Dylan_Windler23,Dylan_Windler23,https://instagram.com/d_win23,d_win23,450775222,15697,463,2239200.0,4037278.0,0.0,0.0,0.0,0.0,6276478.0
1629636,Darius Garland,https://twitter.com/dariusgarland22,dariusgarland22,https://instagram.com/darius_garland,darius_garland,1367322109,46421,6808,7040880.0,8920795.0,0.0,0.0,0.0,0.0,15961675.0
1626224,Cedi Osman,https://twitter.com/cediosman,cediosman,https://instagram.com/cediosman,cediosman,3305641571,367499,948,8050000.0,7350000.0,6650000.0,0.0,0.0,0.0,15400000.0
202334,Ed Davis,https://twitter.com/eddavisXVII,eddavisXVII,https://instagram.com/eddavisxvii,eddavisxvii,54378594,59773,2213,2641691.0,0.0,0.0,0.0,0.0,0.0,0.0
1628374,Lauri Markkanen,https://twitter.com/MarkkanenLauri,MarkkanenLauri,https://instagram.com/laurimarkkanen,laurimarkkanen,935323794,105890,711,15690909.0,16475454.0,17259999.0,18044544.0,0.0,0.0,55426362.0
1628386,Jarrett Allen,https://twitter.com/_bigjayy_,_bigjayy_,https://instagram.com/_bigjayy_,_bigjayy_,424609982,56722,950,20000000.0,20000000.0,20000000.0,20000000.0,20000000.0,0.0,100000000.0
1629731,Dean Wade,https://twitter.com/deanwade3232,deanwade3232,https://instagram.com/deanwade32,deanwade32,1160657978,16352,5378,1782621.0,1930681.0,0.0,0.0,0.0,0.0,0.0
1630171,Isaac Okoro,https://twitter.com/isaacokoro303,isaacokoro303,https://instagram.com/isaacokoro,isaacokoro,2368216597,33586,1704,6720720.0,7040880.0,8920795.0,0.0,0.0,0.0,13761600.0
203903,Jordan Clarkson,https://twitter.com/JordanClarksons,JordanClarksons,https://instagram.com/jordanclarksons,jordanclarksons,72362869,456598,10010,12420000.0,13340000.0,14260000.0,0.0,0.0,0.0,25760000.0
1629672,Eric Paschall,https://twitter.com/epaschall,epaschall,https://instagram.com/epaschall,epaschall,207723015,51769,2678,1782621.0,0.0,0.0,0.0,0.0,0.0,1782621.0
204060,Joe Ingles,https://twitter.com/Joeingles7,Joeingles7,https://instagram.com/joeingles7,joeingles7,38026892,214318,17368,14000000.0,0.0,0.0,0.0,0.0,0.0,14000000.0
1630235,Trent Forrest,https://twitter.com/TForrest_11,TForrest_11,https://instagram.com/trentforrest,trentforrest,479066463,7414,11186,53176.0,,,,,,
1627863,Danuel House Jr.,https://twitter.com/DanuelHouseJr,DanuelHouseJr,https://instagram.com/dk2house,dk2house,381750947,17089,6537,7494775.0,0.0,0.0,0.0,0.0,0.0,2502068.0
200752,Rudy Gay,https://twitter.com/RudyGay,RudyGay,https://instagram.com/rudygay,rudygay,37367041,1221248,5526,5890000.0,6184500.0,6479000.0,0.0,0.0,0.0,12074500.0
201144,Mike Conley,https://twitter.com/mconley11,mconley11,https://instagram.com/mac10,mac10,59297233,535854,4454,21000000.0,22680000.0,24360000.0,0.0,0.0,0.0,58000000.0
1630215,Jared Butler,https://twitter.com/J_Hooper11,J_Hooper11,https://instagram.com/_xjaredx_,_xjaredx_,1611022940,13346,3290,925258.0,1563518.0,0.0,0.0,0.0,0.0,2488776.0
1628962,Udoka Azubuike,https://twitter.com/udoka35,udoka35,https://instagram.com/udoka_azubuike,udoka_azubuike,2866061922,8289,167,2075880.0,2174880.0,3923484.0,0.0,0.0,0.0,4250760.0
202355,Hassan Whiteside,https://twitter.com/youngwhiteside,youngwhiteside,https://instagram.com/hassanwhiteside,hassanwhiteside,149308566,178881,4024,2401537.0,0.0,0.0,0.0,0.0,0.0,2401537.0
1626220,Royce O'Neale,https://twitter.com/BucketsONeale00,BucketsONeale00,https://instagram.com/rolls_royce00,rolls_royce00,289760136,48090,25485,8678571.0,9321429.0,9964286.0,0.0,0.0,0.0,27964286.0
203497,Rudy Gobert,https://twitter.com/rudygobert27,rudygobert27,https://instagram.com/rudygobert27,rudygobert27,609548724,574767,5404,35344828.0,38172414.0,41000000.0,43827587.0,46655173.0,0.0,158344829.0
1630190,Elijah Hughes,https://twitter.com/elijahhughes4_,elijahhughes4_,https://instagram.com/_elijahhughes,_elijahhughes,2214794818,10292,11147,1517981.0,0.0,0.0,0.0,0.0,0.0,1517981.0
202711,Bojan Bogdanovic,https://twitter.com/44Bojan,44Bojan,https://instagram.com/44bojan,44bojan,1242198056,25005,121,18700000.0,19550000.0,0.0,0.0,0.0,0.0,38250000.0
1628378,Donovan Mitchell,https://twitter.com/spidadmitchell,spidadmitchell,https://instagram.com/spidadmitchell,spidadmitchell,488026266,1143926,4708,28103550.0,30351834.0,32600118.0,34848402.0,37096686.0,0.0,125903904.0
1628425,Sterling Brown,https://twitter.com/thatnegus_sb,thatnegus_sb,https://instagram.com/sb23_thegeneral,sb23_thegeneral,334148848,7240,4806,3000000.0,3000000.0,0.0,0.0,0.0,0.0,6000000.0
203504,Trey Burke,https://twitter.com/TreyBurke,TreyBurke,https://instagram.com/treyburke,treyburke,334150573,161022,2470,3333333.0,3492063.0,0.0,0.0,0.0,0.0,3333333.0
204001,Kristaps Porzingis,https://twitter.com/kporzee,kporzee,https://instagram.com/kporzee,kporzee,222932212,374353,1618,31650600.0,33833400.0,36016200.0,0.0,0.0,0.0,65484000.0
203939,Dwight Powell,https://twitter.com/DwightPowell33,DwightPowell33,https://instagram.com/dwightpowell,dwightpowell,2445047678,16115,94,11000000.0,11814815.0,0.0,0.0,0.0,0.0,22814815.0
1630182,Josh Green,https://twitter.com/JoshBGreen,JoshBGreen,https://instagram.com/joshgreen,joshgreen,3255273577,24160,1736,2957520.0,3098400.0,4765339.0,0.0,0.0,0.0,6055920.0
1629650,Moses Brown,https://twitter.com/MosesBrown_,MosesBrown_,https://instagram.com/moses_tv,moses_tv,1032124585880248320,1076,24,1701593.0,1846738.0,1997718.0,0.0,0.0,0.0,0.0
1627827,Dorian Finney-Smith,https://twitter.com/doefinney_10,doefinney_10,https://instagram.com/doedoe_10,doedoe_10,3613501949,15096,228,4000000.0,0.0,0.0,0.0,0.0,0.0,4000000.0
203501,Tim Hardaway Jr.,https://twitter.com/t_hardjr,HardawaySr,https://www.instagram.com/timmyjr10,timmyjr10,1042558487429967872,3550,304,21306816.0,19602273.0,17897728.0,16193183.0,0.0,0.0,75000000.0
1628973,Jalen Brunson,https://twitter.com/jalenbrunson1,jalenbrunson1,https://instagram.com/jalenbrunson1,jalenbrunson1,1463892300,48958,4657,1802057.0,0.0,0.0,0.0,0.0,0.0,0.0
1628373,Frank Ntilikina,https://twitter.com/FrankLikina,FrankLikina,https://instagram.com/frank_ntilikina,frank_ntilikina,772164285388709888,86312,594,1789256.0,2036318.0,0.0,0.0,0.0,0.0,1789256.0
1629033,Theo Pinson,https://twitter.com/tpinsonn,tpinsonn,https://instagram.com/tpinsonn,tpinsonn,257492235,80577,7951,106352.0,0.0,0.0,0.0,0.0,0.0,394152.0
203493,Reggie Bullock,https://twitter.com/ReggieBullock35,ReggieBullock35,https://instagram.com/y0bull,y0bull,91225009,100471,16562,9536000.0,10012800.0,10489600.0,0.0,0.0,0.0,25000000.0
1627737,Marquese Chriss,https://twitter.com/quese,quese,https://instagram.com/quese,quese,1039001280,34052,22148,3834116.0,8775680.0,0.0,0.0,0.0,0.0,13947280.0
1628467,Maxi Kleber,https://twitter.com/MaxiKleber,MaxiKleber,https://instagram.com/maximilian.kleber,maximilian.kleber,888161623155896321,15826,28,8750000.0,9000000.0,0.0,0.0,0.0,0.0,8750000.0
1626246,Boban Marjanovic,https://twitter.com/BobanMarjanovic,BobanMarjanovic,https://instagram.com/boban,boban,1031967637561954304,108401,210,3500000.0,3500000.0,0.0,0.0,0.0,0.0,7000000.0
1629029,Luka Doncic,https://twitter.com/luka7doncic,luka7doncic,https://instagram.com/lukadoncic,lukadoncic,460116210,1428077,4325,10174391.0,35700000.0,38556000.0,41412000.0,44268000.0,47124000.0,217234391.0
1628978,Donte DiVincenzo,https://twitter.com/Divincenzo,Divincenzo,https://instagram.com/divincenzo,divincenzo,1248694675453681665,14857,160,4675830.0,0.0,0.0,0.0,0.0,0.0,4675830.0
201588,George Hill,https://twitter.com/George_Hill3,George_Hill3,https://instagram.com/indianageorge3,indianageorge3,87080278,230279,13339,8000000.0,8000000.0,0.0,0.0,0.0,0.0,9275491.0
203918,Rodney Hood,https://twitter.com/rodneyhood,rodneyhood,https://instagram.com/hoodie5,hoodie5,4837832648,47341,107,2239544.0,0.0,0.0,0.0,0.0,0.0,2239544.0
1628960,Grayson Allen,https://twitter.com/GraysonJAllen,GraysonJAllen,https://instagram.com/graysonjallen,graysonjallen,608751926,257488,4945,4054695.0,9615385.0,10384615.0,0.0,0.0,0.0,24054695.0
1626171,Bobby Portis,https://twitter.com/BPortistime,BPortistime,https://instagram.com/bportistime,bportistime,294380360,146303,5302,4347600.0,4564980.0,0.0,0.0,0.0,0.0,4347600.0
201572,Brook Lopez,https://twitter.com/RealBrookLopez,RealBrookLopez,,,626498180,1524,72,13302325.0,13906976.0,0.0,0.0,0.0,0.0,27209301.0
1629670,Jordan Nwora,https://twitter.com/JordanNwora,JordanNwora,https://instagram.com/jordannwora,jordannwora,585978299,30465,5421,1517981.0,0.0,0.0,0.0,0.0,0.0,1517981.0
201950,Jrue Holiday,https://twitter.com/Jrue_Holiday11,Jrue_Holiday11,https://instagram.com/jrue_holiday11,jrue_holiday11,309516587,186729,3537,30133333.0,32393333.0,34653333.0,36913333.0,0.0,0.0,97179999.0
203114,Khris Middleton,https://twitter.com/Khris22m,Khris22m,https://instagram.com/k_mid22,k_mid22,58667088,104505,2813,35500000.0,37948276.0,40396552.0,0.0,0.0,0.0,73448276.0
202083,Wesley Matthews,https://twitter.com/WessyWes23,WessyWes23,https://instagram.com/wessywes23,wessywes23,232049361,248746,6473,1958501.0,0.0,0.0,0.0,0.0,0.0,0.0
1626192,Pat Connaughton,https://twitter.com/pconnaughton,pconnaughton,https://instagram.com/patconnaughton,patconnaughton,347265384,74709,6688,5333333.0,5728395.0,0.0,0.0,0.0,0.0,5333333.0
1629623,Lindell Wigginton,https://twitter.com/Lwigginton5,Lwigginton5,https://instagram.com/rnstmojo,rnstmojo,371045117,10028,6911,53176.0,,,,,,
203507,Giannis Antetokounmpo,https://twitter.com/Giannis_An34,Giannis_An34,https://instagram.com/Giannis_An34,Giannis_An34,2279776304,2109122,1609,39344970.0,42492568.0,45640165.0,48787763.0,51935360.0,0.0,176265466.0
1628400,Semi Ojeleye,https://twitter.com/semi,semi,https://instagram.com/semi,semi,137583689,34436,719,1789256.0,0.0,0.0,0.0,0.0,0.0,1789256.0
203648,Thanasis Antetokounmpo,https://twitter.com/Thanasis_ante43,Thanasis_ante43,https://instagram.com/thanasis_ante43,thanasis_ante43,334629775,82770,9536,1729217.0,1878720.0,0.0,0.0,0.0,0.0,1729217.0
1630572,Sandro Mamukelashvili,https://twitter.com/Mamukelashvili5,Mamukelashvili5,https://instagram.com/ma23mu,ma23mu,3080415491,7303,2070,53176.0,,,,,,
1630210,Markus Howard,https://twitter.com/markushoward11,markushoward11,https://instagram.com/markus.howard,markus.howard,515871694,11098,4621,53176.0,,,,,,
203210,JaMychal Green,https://twitter.com/Jmyke1,Jmyke1,https://instagram.com/roadtoriches_0,roadtoriches_0,171774400,17653,14236,8292683.0,8707317.0,0.0,0.0,0.0,0.0,17000000.0
1629008,Michael Porter Jr.,,,https://instagram.com/mpj,mpj,0,0,0,5258735.0,29750000.0,32130000.0,34510000.0,36890000.0,39270000.0,150538735.0
1630538,Bones Hyland,https://twitter.com/BizzyBones11,BizzyBones11,,,2276214167,23697,7194,2096880.0,2201400.0,2306400.0,4158439.0,0.0,0.0,4298280.0
202326,DeMarcus Cousins,https://twitter.com/boogiecousins,boogiecousins,https://instagram.com/boogiecousins,boogiecousins,132752344,1250353,6131,2277318.0,0.0,0.0,0.0,0.0,0.0,1214569.0
203115,Will Barton,https://twitter.com/WillTheThrillB5,WillTheThrillB5,https://www.instagram.com/willthethrillb5,willthethrillb5,529603839,46397,10990,15384615.0,16615385.0,0.0,0.0,0.0,0.0,32000000.0
1630267,Facundo Campazzo,https://twitter.com/facucampazzo,facucampazzo,https://instagram.com/facucampazzo,facucampazzo,351118737,394311,3710,3804150.0,0.0,0.0,0.0,0.0,0.0,3804150.0
1627854,Bryn Forbes,https://twitter.com/BrynjForbes,BrynjForbes,https://instagram.com/brynforbes,brynforbes,510401871,20775,1124,53176.0,,,,,,
1628432,Davon Reed,https://twitter.com/ClutchREED_5,ClutchREED_5,https://instagram.com/clutchreed_5,clutchreed_5,369682039,5210,19476,159528.0,0.0,0.0,0.0,0.0,0.0,858492.0
1628420,Monte Morris,https://twitter.com/BigGameTae,BigGameTae,https://instagram.com/biggametae,biggametae,1108090623884705794,20246,2018,8333333.0,9000000.0,9666667.0,0.0,0.0,0.0,27000000.0
203999,Nikola Jokic,https://twitter.com/JokicNikola15,JokicNikola15,https://instagram.com/nikolajokicofficial,nikolajokicofficial,1283904777492017160,561,0,30510423.0,32478837.0,0.0,0.0,0.0,0.0,62989260.0
1630192,Zeke Nnaji,https://twitter.com/ZekeNnaji_Hoopz,ZekeNnaji_Hoopz,https://instagram.com/zekennaji,zekennaji,725874444674187264,8104,497,2498760.0,2617800.0,4306281.0,0.0,0.0,0.0,5116560.0
203085,Austin Rivers,https://twitter.com/AustinRivers25,AustinRivers25,https://instagram.com/austinjrivers,austinjrivers,156521166,288147,3656,2401537.0,0.0,0.0,0.0,0.0,0.0,2401537.0
1627750,Jamal Murray,https://twitter.com/BeMore27,BeMore27,https://instagram.com/bemore27,bemore27,3184000707,264048,1073,31590000.0,33930000.0,36270000.0,38610000.0,0.0,0.0,140400000.0
1628427,Vlatko Cancar,https://twitter.com/CancarVlatko,CancarVlatko,https://instagram.com/cancar31,cancar31,975483243972751363,3691,141,1782621.0,0.0,0.0,0.0,0.0,0.0,0.0
201145,Jeff Green,https://twitter.com/unclejeffgreen,unclejeffgreen,https://instagram.com/unclejeffgreen,unclejeffgreen,363365354,155764,14539,4500000.0,4500000.0,0.0,0.0,0.0,0.0,4500000.0
203932,Aaron Gordon,https://twitter.com/Double0AG,Double0AG,https://instagram.com/aarongordon,aarongordon,614024492,198025,2533,16409091.0,19690909.0,21266182.0,22841455.0,22841455.0,0.0,80207637.0
1628975,Jevon Carter,https://twitter.com/nextlevel_03,nextlevel_03,https://instagram.com/nexylevel_03,nexylevel_03,1011647002776670209,25554,1537,3833333.0,4117284.0,0.0,0.0,0.0,0.0,7950617.0
1628971,Bruce Brown,https://twitter.com/BruceBrown11,BruceBrown11,https://instagram.com/brucebrown11,brucebrown11,362258536,11739,2474,4736102.0,0.0,0.0,0.0,0.0,0.0,4736102.0
201933,Blake Griffin,https://twitter.com/blakegriffin23,blakegriffin23,https://instagram.com/blakegriffin23,blakegriffin23,34430522,4477345,2833,64811634.0,0.0,0.0,0.0,0.0,0.0,32405817.0
1630561,David Duke Jr.,https://twitter.com/daviddukejr,daviddukejr,https://instagram.com/daviddukejr,daviddukejr,1431604940,8451,1770,53176.0,,,,,,
201142,Kevin Durant,https://twitter.com/KDTrey5,KDTrey5,https://instagram.com/easymoneysniper,easymoneysniper,35936474,19527561,24473,40918900.0,42969845.0,42969845.0,49856021.0,53282609.0,0.0,229997220.0
201988,Patty Mills,https://twitter.com/Patty_Mills,Patty_Mills,https://instagram.com/balapat,balapat,48176112,422879,16996,5890000.0,6184500.0,0.0,0.0,0.0,0.0,5890000.0
202681,Kyrie Irving,https://twitter.com/KyrieIrving,KyrieIrving,https://instagram.com/kyrieirving,kyrieirving,317370751,4385593,3352,34916200.0,36503300.0,0.0,0.0,0.0,0.0,34916200.0
203925,Joe Harris,,,https://instagram.com/joeharris__12,joeharris__12,0,0,0,17357143.0,18642857.0,19928571.0,0.0,0.0,0.0,55928571.0
201935,James Harden,https://twitter.com/JHarden13,JHarden13,https://instagram.com/jharden13,jharden13,50811932,7373953,13294,43848000.0,46872000.0,0.0,0.0,0.0,0.0,43848000.0
1630556,Kessler Edwards,https://twitter.com/KesslerEdwards,KesslerEdwards,https://instagram.com/kessleredwards,kessleredwards,718577268,2050,539,53176.0,,,,,,
201949,James Johnson,https://twitter.com/IamJJ16,IamJJ16,https://instagram.com/james16johnson_,james16johnson_,3033470114,26405,496,2641691.0,0.0,0.0,0.0,0.0,0.0,2641691.0
1630549,Day'Ron Sharpe,https://twitter.com/dayron_sharpe,dayron_sharpe,https://instagram.com/d.sharpe23,d.sharpe23,3355932731,5478,233,2009040.0,2109360.0,2210160.0,3989339.0,0.0,0.0,4118400.0
200746,LaMarcus Aldridge,https://twitter.com/aldridge_12,aldridge_12,https://instagram.com/aldridge_121,aldridge_121,248829112,748991,3480,2641691.0,0.0,0.0,0.0,0.0,0.0,2641691.0
1630560,Cam Thomas,https://twitter.com/24_camthomas,24_camthomas,https://instagram.com/cam.__thomas,cam.__thomas,3135356688,10724,958,2036280.0,2138160.0,2240040.0,4041032.0,0.0,0.0,4174440.0
200794,Paul Millsap,https://twitter.com/Paulmillsap4,Paulmillsap4,https://instagram.com/paulmillsap4,paulmillsap4,1009296320,73859,821,2641691.0,0.0,0.0,0.0,0.0,0.0,2641691.0
1629651,Nic Claxton,https://twitter.com/_claxton33,_claxton33,https://instagram.com/nicolasclaxton,nicolasclaxton,2287613209,12921,442,1782621.0,0.0,0.0,0.0,0.0,0.0,1782621.0
1627761,DeAndre' Bembry,,,https://instagram.com/fearthefro95,fearthefro95,0,0,0,1939350.0,0.0,0.0,0.0,0.0,0.0,750000.0
1630206,Jay Scrubb,https://twitter.com/jayscrubb,jayscrubb,https://instagram.com/jayscrubb,jayscrubb,758169362964643840,8541,1734,53176.0,,,,,,
202704,Reggie Jackson,https://twitter.com/Reggie_Jackson,Reggie_Jackson,https://instagram.com/reggie_jackson,reggie_jackson,266819783,114586,5121,10384500.0,11215260.0,0.0,0.0,0.0,0.0,21599760.0
202695,Kawhi Leonard,https://twitter.com/kawhileonard,kawhileonard,,,2584213500,475867,4,39344900.0,42492492.0,45640084.0,48787676.0,0.0,0.0,127477476.0
1630527,Brandon Boston Jr.,https://twitter.com/bboston_,bboston_,https://instagram.com/brandonboston,brandonboston,3426779775,29890,1207,925258.0,1563518.0,1836096.0,0.0,0.0,0.0,2488776.0
1628379,Luke Kennard,https://twitter.com/LukeKennard5,LukeKennard5,https://instagram.com/lukekennard5,lukekennard5,1708510310,91035,4090,12727273.0,13745455.0,14763636.0,14763636.0,0.0,0.0,41236364.0
1629599,Amir Coffey,https://twitter.com/coffeyshop_,coffeyshop_,https://instagram.com/coffeyshop,coffeyshop,532817694,9774,3342,53176.0,,,,,,
202694,Marcus Morris Sr.,https://twitter.com/MookMorris2,MookMorris2,https://instagram.com/foestar13,foestar13,143203547,154314,3752,53176.0,,,,,,
201586,Serge Ibaka,https://twitter.com/sergeibaka,sergeibaka,https://instagram.com/sergeibaka,sergeibaka,80480330,909519,7541,9742000.0,0.0,0.0,0.0,0.0,0.0,9742000.0
202339,Eric Bledsoe,https://twitter.com/EBled2,EBled2,https://instagram.com/thebledshow,thebledshow,98576365,235905,4688,18125000.0,19375000.0,0.0,0.0,0.0,0.0,22025000.0
202331,Paul George,https://twitter.com/Yg_Trece,Yg_Trece,https://instagram.com/ygtrece,ygtrece,53643297,2401180,16927,39344970.0,42492568.0,45640165.0,48787763.0,0.0,0.0,127477703.0
1629611,Terance Mann,https://twitter.com/terance_mann,terance_mann,https://instagram.com/terance,terance,920109486899105792,23411,2006,1782621.0,1930681.0,10576923.0,11423077.0,0.0,0.0,25713302.0
1630554,Jason Preston,https://twitter.com/Treballjay11,Treballjay11,https://instagram.com/jasonpreston0,jasonpreston0,1488144572,17447,4043,1062303.0,1563518.0,1836096.0,0.0,0.0,0.0,2625821.0
1626159,Justise Winslow,https://twitter.com/IAmJustise,IAmJustise,https://instagram.com/iamjustise,iamjustise,230278157,121376,9046,3902439.0,4097561.0,0.0,0.0,0.0,0.0,8000000.0
201587,Nicolas Batum,https://twitter.com/nicolas88batum,nicolas88batum,https://instagram.com/nicbatum88,nicbatum88,164326175,1016936,9149,24427014.0,24744016.0,0.0,0.0,0.0,0.0,21256985.0
1627826,Ivica Zubac,https://twitter.com/ivicazubac,ivicazubac,https://instagram.com/ivicazubac,ivicazubac,3081680043,112447,493,7518518.0,7518518.0,0.0,0.0,0.0,0.0,7518518.0
1630553,Keon Johnson,https://twitter.com/iamkeonjohnson,iamkeonjohnson,https://instagram.com/iamkeonjohnson,iamkeonjohnson,4093936519,9601,719,2553120.0,2681040.0,2808720.0,4474291.0,0.0,0.0,5234160.0
1628392,Isaiah Hartenstein,https://twitter.com/Ipjh55,Ipjh55,https://instagram.com/ipjh55,ipjh55,3855639340,5969,110,6861620.0,0.0,0.0,0.0,0.0,0.0,0.0
1628970,Miles Bridges,https://twitter.com/MilesBridges,MilesBridges,https://instagram.com/milesbridges,milesbridges,276259411,160834,19493,5421493.0,0.0,0.0,0.0,0.0,0.0,5421493.0
1630163,LaMelo Ball,https://twitter.com/MELOD1P,MELOD1P,https://instagram.com/melo,melo,1553895072,986673,2479,8231760.0,8623920.0,10900635.0,0.0,0.0,0.0,16855680.0
1626179,Terry Rozier,https://twitter.com/T_Rozzay3,T_Rozzay3,,,188120286,180365,23396,17905263.0,21486316.0,23205221.0,24924126.0,26643031.0,0.0,114163957.0
1630547,James Bouknight,https://twitter.com/jam3s210,jam3s210,https://instagram.com/james.bouknight,james.bouknight,3308384151,12930,646,4154400.0,4362240.0,4570080.0,6064496.0,0.0,0.0,8516640.0
1629667,Jalen McDaniels,https://twitter.com/jalenmcdaniels5,jalenmcdaniels5,https://instagram.com/jalenmcdaniels,jalenmcdaniels,292728194,3435,5201,1782621.0,1930681.0,0.0,0.0,0.0,0.0,0.0
202397,Ish Smith,https://twitter.com/IshSmith,IshSmith,https://instagram.com/ishsmith5,ishsmith5,925030084276301830,5360,53,4500000.0,4725000.0,0.0,0.0,0.0,0.0,4500000.0
1628998,Cody Martin,https://twitter.com/cody_martin15,cody_martin15,https://instagram.com/cody_martin15,cody_martin15,725760931616165889,5800,176,1782621.0,0.0,0.0,0.0,0.0,0.0,1782621.0
1626162,Kelly Oubre Jr.,https://twitter.com/KELLYOUBREJR,KELLYOUBREJR,https://instagram.com/kellyoubrejr,kellyoubrejr,273080747,141521,10654,12000000.0,12600000.0,0.0,0.0,0.0,0.0,17000000.0
1630208,Nick Richards,https://twitter.com/iamnickrichards,iamnickrichards,https://instagram.com/nickrichards_,nickrichards_,2459069099,42271,1409,1517981.0,1782621.0,0.0,0.0,0.0,0.0,1517981.0
1630575,Scottie Lewis,https://twitter.com/Scottie23L,Scottie23L,https://instagram.com/scottie.23,scottie.23,2993048559,10906,1168,53176.0,,,,,,
202330,Gordon Hayward,https://twitter.com/gordonhayward,gordonhayward,https://instagram.com/gordonhayward,gordonhayward,46704247,657341,2803,29900000.0,30100000.0,31500000.0,0.0,0.0,0.0,91500000.0
1630550,JT Thor,https://twitter.com/thorrjt,thorrjt,https://instagram.com/jt.bandz,jt.bandz,705482820064415744,4528,448,1250000.0,1563518.0,1836096.0,1988598.0,0.0,0.0,2813518.0
1630176,Vernon Carey Jr.,https://twitter.com/vernoncarey22,vernoncarey22,https://instagram.com/vernon,vernon,3460451776,21964,1325,1517981.0,1782621.0,1930681.0,0.0,0.0,0.0,3300602.0
1630539,Kai Jones,https://twitter.com/242_jones,242_jones,https://instagram.com/kaijones242,kaijones242,2296356569,6720,2809,2770560.0,2909160.0,3047760.0,4693550.0,0.0,0.0,5679720.0
203486,Mason Plumlee,https://twitter.com/masonplumlee,masonplumlee,https://instagram.com/masonplumlee,masonplumlee,190059955,82723,1465,8137500.0,8525000.0,0.0,0.0,0.0,0.0,16662500.0
1629023,P.J. Washington,https://twitter.com/PJWashington,PJWashington,https://instagram.com/pj_washington,pj_washington,898070401,96357,15054,4215120.0,5808435.0,0.0,0.0,0.0,0.0,10023555.0
1629083,Arnoldas Kulboka,https://twitter.com/kulboka98,kulboka98,https://instagram.com/kulboka8,kulboka8,2733285965,1740,265,53176.0,,,,,,
1626156,D'Angelo Russell,https://twitter.com/Dloading,Dloading,https://instagram.com/dloading,dloading,348288809,629857,1178,30013500.0,31377750.0,0.0,0.0,0.0,0.0,61391250.0
1630162,Anthony Edwards,https://twitter.com/theantedwards_,theantedwards_,https://instagram.com/theanthonyedwards_,theanthonyedwards_,889153467578798080,97438,331,10245480.0,10733400.0,13534817.0,0.0,0.0,0.0,20978880.0
1630183,Jaden McDaniels,https://twitter.com/Jmcdaniels7,Jmcdaniels7,https://instagram.com/therealjadenmcdaniels,therealjadenmcdaniels,3650897294,9913,338,2063280.0,2161440.0,3901399.0,0.0,0.0,0.0,4224720.0
1629669,Jaylen Nowell,https://twitter.com/JaylenNowell,JaylenNowell,https://instagram.com/jaylennowell,jaylennowell,1734299208,8008,1493,1782621.0,1930681.0,0.0,0.0,0.0,0.0,0.0
1627736,Malik Beasley,,,https://instagram.com/mbeasy5,mbeasy5,0,0,0,14391964.0,15458035.0,16524106.0,0.0,0.0,0.0,29849999.0
1629162,Jordan McLaughlin,https://twitter.com/itsmclaughlin11,itsmclaughlin11,https://instagram.com/itsmclaughlin11,itsmclaughlin11,214789418,6633,30899,1669178.0,1815677.0,1968182.0,0.0,0.0,0.0,5453037.0
1629020,Jarred Vanderbilt,https://twitter.com/JVando,JVando,https://instagram.com/jvando_,jvando_,320758559,50888,7934,4259259.0,4600000.0,4940741.0,0.0,0.0,0.0,13800000.0
1630195,Leandro Bolmaro,https://twitter.com/BolmaroLeandro,BolmaroLeandro,https://instagram.com/leandro_bolmaro,leandro_bolmaro,883774444656898049,16053,435,2353320.0,2471160.0,2588400.0,4392515.0,0.0,0.0,4824480.0
1627774,Jake Layman,https://twitter.com/JLayman10,JLayman10,https://instagram.com/j_lay_lay,j_lay_lay,560500094,17049,326,3940184.0,0.0,0.0,0.0,0.0,0.0,3940184.0
1629675,Naz Reid,https://twitter.com/NazReid,NazReid,https://instagram.com/hollywood.naz,hollywood.naz,2989872975,7055,2367,1782621.0,1930681.0,0.0,0.0,0.0,0.0,0.0
1627752,Taurean Prince,https://twitter.com/taureanprince,taureanprince,https://instagram.com/taureanprince,taureanprince,704143071248658432,14706,5085,15057692.0,0.0,0.0,0.0,0.0,0.0,15057692.0
1630233,Nathan Knight,https://twitter.com/nateknght,nateknght,https://instagram.com/nateknght,nateknght,3207459490,3779,312,53176.0,,,,,,
1629006,Josh Okogie,https://twitter.com/CallMe_NonStop,CallMe_NonStop,https://instagram.com/callme_nonstop,callme_nonstop,309810799,25729,9345,4087904.0,0.0,0.0,0.0,0.0,0.0,4087904.0
201976,Patrick Beverley,https://twitter.com/patbev21,patbev21,https://instagram.com/patbev21,patbev21,92337777,271487,9945,14320988.0,0.0,0.0,0.0,0.0,0.0,14320988.0
1630593,McKinley Wright IV,https://twitter.com/kin_wright25,kin_wright25,https://instagram.com/showtime_kin25,showtime_kin25,1069126440,9246,29998,53176.0,,,,,,
1626157,Karl-Anthony Towns,https://twitter.com/KarlTowns,KarlTowns,https://instagram.com/karltowns,karltowns,73495696,647106,6347,31610000.0,33790000.0,35970000.0,0.0,0.0,0.0,101370000.0
201609,Goran Dragic,https://twitter.com/Goran_Dragic,Goran_Dragic,https://instagram.com/the_1_dragon,the_1_dragon,356859571,373217,3312,19440000.0,0.0,0.0,0.0,0.0,0.0,19440000.0
1628384,OG Anunoby,https://twitter.com/OAnunoby,OAnunoby,https://instagram.com/oanunoby,oanunoby,330590874,54965,250,16071429.0,17357143.0,18642857.0,19928571.0,0.0,0.0,72000000.0
1630567,Scottie Barnes,https://twitter.com/ScottBarnes561,ScottBarnes561,https://instagram.com/ya.boy.scottie,ya.boy.scottie,3545045053,41122,266,7280520.0,7644720.0,8008560.0,10130828.0,0.0,0.0,14925240.0
1630173,Precious Achiuwa,https://twitter.com/PreciousAchiuwa,PreciousAchiuwa,https://instagram.com/PreciousAchiuwa,PreciousAchiuwa,3422695780,29150,355,2711280.0,2840160.0,4379527.0,0.0,0.0,0.0,5551440.0
1630551,Justin Champagnie,https://twitter.com/JusChampagnie,JusChampagnie,https://instagram.com/jchampagnie,jchampagnie,888390873196752897,4799,193,53176.0,,,,,,
1630525,David Johnson,https://twitter.com/davidjohnson13,davidjohnson13,https://www.instagram.com/davidjohnson13,davidjohnson13,571299510,9476,1095,53176.0,,,,,,
1629004,Svi Mykhailiuk,https://twitter.com/Sviat_10,Sviat_10,https://instagram.com/Sviat_10,Sviat_10,2766430999,46777,389,1729217.0,1878720.0,0.0,0.0,0.0,0.0,1729217.0
1629067,Isaac Bonga,https://twitter.com/isaacbonga,isaacbonga,https://instagram.com/izzy_b99,izzy_b99,822469101620723717,8725,66,1729217.0,0.0,0.0,0.0,0.0,0.0,0.0
1629139,Yuta Watanabe,https://twitter.com/wacchi1013,wacchi1013,https://instagram.com/yutawatanabe12,yutawatanabe12,457459276,188091,4028,1762769.0,0.0,0.0,0.0,0.0,0.0,0.0
1630201,Malachi Flynn,https://twitter.com/malachiflynn,malachiflynn,https://instagram.com/malachiflynn,malachiflynn,889276999,12638,1802,2048040.0,2145720.0,3873025.0,0.0,0.0,0.0,4193760.0
1627832,Fred VanVleet,https://twitter.com/FredVanVleet,FredVanVleet,https://instagram.com/fredvanvleet,fredvanvleet,339241519,183342,6840,19675926.0,21250000.0,22824074.0,0.0,0.0,0.0,40925926.0
203920,Khem Birch,https://twitter.com/Khem_Birch,Khem_Birch,https://instagram.com/khembirch,khembirch,141090757,14680,182,6350000.0,6667750.0,6985000.0,0.0,0.0,0.0,20002750.0
1628449,Chris Boucher,https://twitter.com/chrisboucher,chrisboucher,https://instagram.com/slimmduck,slimmduck,852206745070051328,27595,233,7009615.0,0.0,0.0,0.0,0.0,0.0,7009615.0
1629018,Gary Trent Jr.,https://twitter.com/gtrentjr,gtrentjr,https://instagram.com/gtrentjr,gtrentjr,1306089967,78144,7539,16000000.0,17280000.0,18560000.0,0.0,0.0,0.0,33280000.0
1627783,Pascal Siakam,https://twitter.com/pskills43,pskills43,https://instagram.com/pskills43,pskills43,1546561830,142233,1675,31320000.0,33640000.0,35960000.0,0.0,0.0,0.0,100920000.0
1630625,Dalano Banton,https://twitter.com/DALANOBANTON,DALANOBANTON,https://instagram.com/_dubberdon,_dubberdon,1116493218512764928,8605,51,925258.0,1563518.0,0.0,0.0,0.0,0.0,925258.0
201566,Russell Westbrook,https://twitter.com/russwest44,russwest44,https://instagram.com/russwest44,russwest44,35982046,6839765,5967,44211146.0,47063478.0,0.0,0.0,0.0,0.0,44211146.0
2772,Trevor Ariza,https://twitter.com/TrevorAriza,TrevorAriza,https://instagram.com/trevrizza1,trevrizza1,69500255,71461,2635,2641691.0,0.0,0.0,0.0,0.0,0.0,2641691.0
201961,Wayne Ellington,https://twitter.com/WayneEllington,WayneEllington,https://instagram.com/wayneellington,wayneellington,372439064,51454,1800,2641691.0,0.0,0.0,0.0,0.0,0.0,2641691.0
203076,Anthony Davis,https://twitter.com/AntDavis23,AntDavis23,https://instagram.com/antdavis23,antdavis23,159113258,2184592,4938,35361360.0,37980720.0,40600080.0,43219440.0,0.0,0.0,113942160.0
1629659,Talen Horton-Tucker,https://twitter.com/Thortontucker,Thortontucker,https://instagram.com/5talen,5talen,2272672902,81811,21014,9500000.0,10260000.0,11020000.0,0.0,0.0,0.0,19760000.0
2544,LeBron James,https://twitter.com/KingJames,KingJames,https://instagram.com/kingjames,kingjames,23083404,50745912,8253,41180544.0,44474988.0,0.0,0.0,0.0,0.0,85655532.0
2546,Carmelo Anthony,https://twitter.com/carmeloanthony,carmeloanthony,https://instagram.com/carmeloanthony,carmeloanthony,42384760,9266281,3327,2641691.0,0.0,0.0,0.0,0.0,0.0,2641691.0
203145,Kent Bazemore,https://twitter.com/24Bazemore,24Bazemore,https://instagram.com/24baze,24baze,29356531,78490,2289,2401537.0,0.0,0.0,0.0,0.0,0.0,2401537.0
201599,DeAndre Jordan,https://twitter.com/DeAndre,DeAndre,https://instagram.com/deandre,deandre,47506568,1155837,9965,21034448.0,15655814.0,0.0,0.0,0.0,0.0,18345131.0
1628370,Malik Monk,https://twitter.com/AhmadMonk,AhmadMonk,https://instagram.com/ahmad_monk,ahmad_monk,552289108,149697,386,1789256.0,0.0,0.0,0.0,0.0,0.0,1789256.0
1629134,Kendrick Nunn,https://twitter.com/nunnbetter_,nunnbetter_,https://instagram.com/nunnbetter_,nunnbetter_,108147336,38294,9111,5000000.0,5250000.0,0.0,0.0,0.0,0.0,5000000.0
1626169,Stanley Johnson,https://twitter.com/iAmSJ,iAmSJ,https://instagram.com/stanimal,stanimal,1323936524,58171,8014,4443080.0,11757605.0,0.0,0.0,0.0,0.0,5115543.0
1630559,Austin Reaves,,,https://instagram.com/austinreaves12,austinreaves12,0,0,0,925258.0,0.0,0.0,0.0,0.0,0.0,0.0
202340,Avery Bradley,https://twitter.com/Avery0Bradley,Avery0Bradley,,,4839997276,3547,54,2641691.0,0.0,0.0,0.0,0.0,0.0,0.0
2730,Dwight Howard,https://twitter.com/DwightHoward,DwightHoward,https://instagram.com/dwighthoward,dwighthoward,16812787,6383134,23533,2641691.0,0.0,0.0,0.0,0.0,0.0,2641691.0
1630222,Mason Jones,https://twitter.com/masonjones2,masonjones2,https://instagram.com/_masonjones15,_masonjones15,298890611,15705,10304,53176.0,,,,,,
1629635,Sekou Doumbouya,https://twitter.com/sekou_doums,sekou_doums,https://instagram.com/sekou_doumbouya_,sekou_doumbouya_,3327978010,26375,191,53176.0,0.0,0.0,0.0,0.0,0.0,3613680.0
1628369,Jayson Tatum,https://twitter.com/jaytatum0,jaytatum0,https://instagram.com/jaytatum0,jaytatum0,448562247,878963,17731,28103550.0,30351834.0,32600118.0,34848402.0,37096686.0,0.0,125903904.0
1628408,P.J. Dozier,https://twitter.com/Dozier_Kid,Dozier_Kid,https://instagram.com/dozier_kid,dozier_kid,498470505,19806,1023,53176.0,,,,,,
1627759,Jaylen Brown,https://twitter.com/FCHWPO,FCHWPO,https://instagram.com/fchwpo,fchwpo,419181069,489709,3175,24830357.0,26669643.0,28508929.0,0.0,0.0,0.0,80008929.0
1626196,Josh Richardson,https://twitter.com/J_Rich1,J_Rich1,https://instagram.com/jrich_0,jrich_0,61288678,78310,13982,11600000.0,12384672.0,0.0,0.0,0.0,0.0,23984672.0
1629641,Romeo Langford,https://twitter.com/yeahyeah22,yeahyeah22,https://instagram.com/yeahyeah22,yeahyeah22,3371792158,57879,5072,3804360.0,5634257.0,0.0,0.0,0.0,0.0,9438617.0
1629626,Bol Bol,https://twitter.com/BolBol,BolBol,https://instagram.com/bolbol,bolbol,186981881,83057,105,2161152.0,0.0,0.0,0.0,0.0,0.0,2161152.0
1630202,Payton Pritchard,https://twitter.com/paytonpritch3,paytonpritch3,https://instagram.com/paytonpritch3,paytonpritch3,533340704,43151,3525,2137440.0,2239200.0,4037278.0,0.0,0.0,0.0,4376640.0
1629684,Grant Williams,https://twitter.com/Grant2Will,Grant2Will,https://instagram.com/grantwill2,grantwill2,1005432853,71673,6398,2617800.0,4306281.0,0.0,0.0,0.0,0.0,6924081.0
202683,Enes Freedom,https://twitter.com/EnesFreedom,EnesFreedom,https://instagram.com/enesfreedom,enesfreedom,302111485,595866,11846,2641691.0,0.0,0.0,0.0,0.0,0.0,2641691.0
1630174,Aaron Nesmith,https://twitter.com/aaronnesmith24,aaronnesmith24,https://instagram.com/aaron_nesmith,aaron_nesmith,1328824678807465987,22849,31,3631200.0,3804360.0,5634257.0,0.0,0.0,0.0,7435560.0
1628981,Bruno Fernando,https://twitter.com/BrunoFernandoMV,BrunoFernandoMV,https://instagram.com/the_angolan_bf,the_angolan_bf,3371781221,22845,1853,1782621.0,0.0,0.0,0.0,0.0,0.0,1782621.0
1630573,Sam Hauser,https://twitter.com/Big_Smooth10,Big_Smooth10,https://instagram.com/sam.hauser_,sam.hauser_,594908495,8640,4609,53176.0,,,,,,
203935,Marcus Smart,https://twitter.com/smart_MS3,smart_MS3,https://instagram.com/youngamechanger,youngamechanger,543954514,339466,3208,14339285.0,16607142.0,18583713.0,19960285.0,21336856.0,0.0,90827281.0
201143,Al Horford,https://twitter.com/Al_Horford,Al_Horford,https://instagram.com/alhorford,alhorford,78193153,355115,4532,27000000.0,26500000.0,0.0,0.0,0.0,0.0,41500000.0
1629057,Robert Williams III,https://twitter.com/rob_williamsIII,rob_williamsIII,https://instagram.com/williams.lll,williams.lll,301680035,46791,5713,53176.0,,,,,,
203471,Dennis Schroder,https://twitter.com/DennisMike93,DennisMike93,https://instagram.com/ds17_fg,ds17_fg,1171330003629273088,77,0,5890000.0,0.0,0.0,0.0,0.0,0.0,5890000.0
1630271,Brodric Thomas,,,https://instagram.com/best_as_can_bt3,best_as_can_bt3,0,0,0,53176.0,,,,,,
203081,Damian Lillard,https://twitter.com/Dame_Lillard,Dame_Lillard,https://instagram.com/damianlillard,damianlillard,267425142,2950145,24550,39344900.0,42492492.0,45640084.0,48787676.0,0.0,0.0,176265152.0
1629014,Anfernee Simons,https://twitter.com/AnferneeSimons,AnferneeSimons,https://instagram.com/antsimons,antsimons,236155682,31570,1384,3938818.0,0.0,0.0,0.0,0.0,0.0,3938818.0
1630570,Trendon Watford,https://twitter.com/trendonw,trendonw,https://instagram.com/trendonw,trendonw,2309475188,15804,1649,53176.0,,,,,,
203468,CJ McCollum,https://twitter.com/CJMcCollum,CJMcCollum,https://instagram.com/3jmccollum,3jmccollum,92903456,571537,20789,30864198.0,33333333.0,35802469.0,0.0,0.0,0.0,100000000.0
1630535,Greg Brown III,https://twitter.com/gb3elite,gb3elite,https://instagram.com/greg.brown03,greg.brown03,811761399647059968,22016,15420,925258.0,1563518.0,1836096.0,0.0,0.0,0.0,2488776.0
1629642,Nassir Little,https://twitter.com/2ez_nassie,2ez_nassie,https://instagram.com/nassir,nassir,2516401399,42571,9720,2316240.0,4171548.0,0.0,0.0,0.0,0.0,6487788.0
1628372,Dennis Smith Jr.,https://twitter.com/Dennis1SmithJr,Dennis1SmithJr,https://instagram.com/desmith4,desmith4,311623066,182946,30054,1789256.0,0.0,0.0,0.0,0.0,0.0,0.0
1626204,Larry Nance Jr.,,,https://www.instagram.com/larrydn7/,larrydn7,0,0,0,10690909.0,9672727.0,0.0,0.0,0.0,0.0,20363636.0
1629604,CJ Elleby,https://twitter.com/EllebyCj,EllebyCj,https://instagram.com/cjelleby,cjelleby,2399027815,5933,746,1517981.0,0.0,0.0,0.0,0.0,0.0,1517981.0
203503,Tony Snell,https://twitter.com/TonySnell21_,TonySnell21_,https://instagram.com/t.snell_,t.snell_,1413547332,21332,50,2389641.0,0.0,0.0,0.0,0.0,0.0,2389641.0
1629833,Keljin Blevins,https://twitter.com/KBlevs02,KBlevs02,https://instagram.com/kelblev_,kelblev_,359629667,2243,3879,53176.0,,,,,,
203463,Ben McLemore,https://twitter.com/BenMcLemore,BenMcLemore,https://instagram.com/b_mclemore23,b_mclemore23,364970961,102116,2664,2389641.0,0.0,0.0,0.0,0.0,0.0,2389641.0
1626181,Norman Powell,https://twitter.com/npowell2404,npowell2404,https://instagram.com/normanpowell4,normanpowell4,155674676,73516,3396,15517242.0,16758621.0,18000000.0,19241379.0,20482758.0,0.0,90000000.0
203994,Jusuf Nurkic,https://twitter.com/bosnianbeast27,bosnianbeast27,https://instagram.com/bosnianbeast27,bosnianbeast27,487962301,134382,5911,12000000.0,0.0,0.0,0.0,0.0,0.0,4000000.0
203496,Robert Covington,https://twitter.com/Holla_At_Rob33,Holla_At_Rob33,https://instagram.com/atf_33,atf_33,233810051,106053,11966,12975471.0,0.0,0.0,0.0,0.0,0.0,12975471.0
203469,Cody Zeller,https://twitter.com/CodyZeller,CodyZeller,https://instagram.com/codyzeller,codyzeller,259030794,142892,1075,2389641.0,0.0,0.0,0.0,0.0,0.0,2389641.0
1626153,Delon Wright,https://twitter.com/delonwright,delonwright,https://instagram.com/delonwright,delonwright,3225971468,33209,1104,8526316.0,0.0,0.0,0.0,0.0,0.0,8526316.0
1630552,Jalen Johnson,https://twitter.com/Jalen_J23,Jalen_J23,https://instagram.com/jalenjohnson,jalenjohnson,2944276021,22704,1670,2659560.0,2792520.0,2925480.0,4511090.0,0.0,0.0,5452080.0
1630536,Sharife Cooper,https://twitter.com/SharifeCooper,SharifeCooper,https://instagram.com/sharife.cooper,sharife.cooper,3323463010,74051,2302,53176.0,,,,,,
1628989,Kevin Huerter,https://twitter.com/KevinHuerter,KevinHuerter,https://instagram.com/kevin_huerter,kevin_huerter,551374030,39322,3744,4253357.0,14508929.0,15669643.0,16830357.0,17991071.0,0.0,69253357.0
1630219,Skylar Mays,https://twitter.com/skylarmays4,skylarmays4,https://instagram.com/skylarmays,skylarmays,1129909087968387073,4147,1065,53176.0,,,,,,
101150,Lou Williams,https://twitter.com/TeamLou23,TeamLou23,https://instagram.com/louwillville,louwillville,62203990,298622,23830,5000000.0,0.0,0.0,0.0,0.0,0.0,5000000.0
1627789,Timothe Luwawu-Cabarrot,https://twitter.com/timcabs,timcabs,https://instagram.com/7tlc,7tlc,3226630966,24870,247,1939350.0,0.0,0.0,0.0,0.0,0.0,0.0
201568,Danilo Gallinari,https://twitter.com/gallinari8888,gallinari8888,https://instagram.com/danilogallogallinari,danilogallogallinari,70926844,691244,7360,20475000.0,21450000.0,0.0,0.0,0.0,0.0,25475000.0
203476,Gorgui Dieng,https://twitter.com/GorguiDieng,GorguiDieng,https://instagram.com/gorguidieng,gorguidieng,1358510274,61956,1239,4000000.0,0.0,0.0,0.0,0.0,0.0,4000000.0
1629027,Trae Young,https://twitter.com/TheTraeYoung,TheTraeYoung,https://instagram.com/traeyoung,traeyoung,2842841126,1293651,9083,8326471.0,29750000.0,32130000.0,34510000.0,36890000.0,39270000.0,180876471.0
1629631,De'Andre Hunter,https://twitter.com/DreHunter,DreHunter,https://instagram.com/drehunter,drehunter,1119732410223079424,14568,119,7775400.0,9835881.0,0.0,0.0,0.0,0.0,17611281.0
203992,Bogdan Bogdanovic,https://twitter.com/LeaderOfHorde,LeaderOfHorde,https://instagram.com/bogdanbogdanovic,bogdanbogdanovic,2385272859,284288,1923,18000000.0,18000000.0,18000000.0,0.0,0.0,0.0,36000000.0
203991,Clint Capela,https://twitter.com/CapelaClint,CapelaClint,https://instagram.com/ccapela15,ccapela15,1596720342,92303,1024,17103448.0,18206897.0,20616000.0,22265280.0,0.0,0.0,78191625.0
1630168,Onyeka Okongwu,https://twitter.com/BigO21_,BigO21_,https://instagram.com/big0,big0,1496970942,29727,2844,6104280.0,6395160.0,8109063.0,0.0,0.0,0.0,12499440.0
1628381,John Collins,https://twitter.com/jcollins20_,jcollins20_,https://instagram.com/jcollins20_,jcollins20_,466241497,33239,1813,23000000.0,23500000.0,25340000.0,26580000.0,26580000.0,0.0,125000000.0
1628995,Kevin Knox II,https://twitter.com/KevKnox,KevKnox,https://instagram.com/kevinknox,kevinknox,3184977160,86827,2665,5845978.0,0.0,0.0,0.0,0.0,0.0,5845978.0
1629022,Lonnie Walker IV,https://twitter.com/lonniewalker_4,lonniewalker_4,https://instagram.com/buddah,buddah,1470978146,65162,11952,4447896.0,0.0,0.0,0.0,0.0,0.0,4447896.0
1629640,Keldon Johnson,https://twitter.com/imthe_truth32,imthe_truth32,https://instagram.com/keldonjohnson,keldonjohnson,838674860,1183,82,2145720.0,3873025.0,0.0,0.0,0.0,0.0,6018745.0
1628401,Derrick White,https://twitter.com/Dwhite921,Dwhite921,https://instagram.com/dwhite921,dwhite921,100874855,26543,5093,15178571.0,16392857.0,17607143.0,18821429.0,0.0,0.0,68000000.0
1627749,Dejounte Murray,https://twitter.com/DejounteMurray,DejounteMurray,https://instagram.com/dejountemurray,dejountemurray,1005789476,166055,19645,15428571.0,16571429.0,17714286.0,0.0,0.0,0.0,49714286.0
1630563,Joshua Primo,https://twitter.com/JoshuaPrimo4,JoshuaPrimo4,https://instagram.com/josh.primoo,josh.primoo,879537192573562881,10032,60,3946800.0,4144320.0,4341600.0,5982725.0,0.0,0.0,8091120.0
1629234,Drew Eubanks,https://twitter.com/DrewEubanks12,DrewEubanks12,https://instagram.com/drewdatower,drewdatower,70579753,5058,482,1762796.0,1910860.0,0.0,0.0,0.0,0.0,500000.0
1630580,Joe Wieskamp,https://twitter.com/JWieskamp21,JWieskamp21,https://instagram.com/wiesy10,wiesy10,464968781,12613,466,53176.0,,,,,,
203926,Doug McDermott,https://twitter.com/dougmcdermott,dougmcdermott,https://instagram.com/dougmcd03,dougmcd03,85617701,137105,4284,13750000.0,13750000.0,13750000.0,0.0,0.0,0.0,41250000.0
1629719,Devontae Cacok,https://twitter.com/Vontae__15,Vontae__15,https://instagram.com/vontae_15,vontae_15,706224606,10255,7355,53176.0,,,,,,
1628380,Zach Collins,https://twitter.com/zcollins_33,zcollins_33,https://instagram.com/zachcollins_33,zachcollins_33,358938695,30776,15201,6984127.0,7333333.0,7682540.0,0.0,0.0,0.0,22000000.0
1630170,Devin Vassell,https://twitter.com/Yvngdevo,Yvngdevo,https://instagram.com/devin_vassell,devin_vassell,2342361019,14183,1696,4235160.0,4437000.0,5887899.0,0.0,0.0,0.0,8672160.0
1627751,Jakob Poeltl,https://twitter.com/JakobPoeltl,JakobPoeltl,https://instagram.com/jakob,jakob,3098308942,1654,0,8750000.0,9398148.0,0.0,0.0,0.0,0.0,18148148.0
201152,Thaddeus Young,https://twitter.com/yungsmoove21,yungsmoove21,https://instagram.com/thad.young21,thad.young21,54780126,65515,9104,14190000.0,0.0,0.0,0.0,0.0,0.0,14190000.0
1628966,Keita Bates-Diop,https://twitter.com/KBD_33,KBD_33,https://instagram.com/keitabd,keitabd,561653498,11094,2138,1729217.0,1878720.0,0.0,0.0,0.0,0.0,1729217.0
1630200,Tre Jones,https://twitter.com/Tre3Jones,Tre3Jones,https://instagram.com/trejones03,trejones03,1015336832786190339,26130,1069,1517981.0,1782621.0,0.0,0.0,0.0,0.0,1517981.0
1629111,Jock Landale,https://twitter.com/JockLandale,JockLandale,https://instagram.com/jocklandale,jocklandale,1097240688662638594,10811,586,925258.0,1563518.0,0.0,0.0,0.0,0.0,925258.0
1627823,Juancho Hernangomez,https://twitter.com/juanchiviris41,juanchiviris41,https://instagram.com/juanchiviri41,juanchiviri41,1628495018,44786,2117,6175440.0,6632880.0,0.0,0.0,0.0,0.0,6175440.0
203484,Kentavious Caldwell-Pope,https://twitter.com/CaldwellPope,CaldwellPope,https://instagram.com/caldwellpope,caldwellpope,1096007496,106788,310,13038862.0,14004703.0,0.0,0.0,0.0,0.0,17926980.0
203078,Bradley Beal,https://twitter.com/RealDealBeal23,RealDealBeal23,https://instagram.com/bradbeal3,bradbeal3,153307097,669627,19733,34502130.0,37262300.0,0.0,0.0,0.0,0.0,34502130.0
1628988,Aaron Holiday,,,https://instagram.com/the_4th_holiday,the_4th_holiday,0,0,0,3980551.0,0.0,0.0,0.0,0.0,0.0,3980551.0
1630216,Cassius Winston,https://twitter.com/cassiuswinston,cassiuswinston,https://instagram.com/cassiuswinston5,cassiuswinston5,2971038080,42447,8559,53176.0,,,,,,
1626149,Montrezl Harrell,https://twitter.com/MONSTATREZZ,MONSTATREZZ,https://instagram.com/trezz24,trezz24,133726414,154921,10319,9720900.0,0.0,0.0,0.0,0.0,0.0,9720900.0
1629060,Rui Hachimura,https://twitter.com/rui_8mura,rui_8mura,https://instagram.com/rui_8mura,rui_8mura,4802352444,215219,601,4916160.0,6263188.0,0.0,0.0,0.0,0.0,11179348.0
1630166,Deni Avdija,,,https://instagram.com/deniavdia8,deniavdia8,0,0,0,4692840.0,4916160.0,6263188.0,0.0,0.0,0.0,9609000.0
1628418,Thomas Bryant,https://twitter.com/nolimittb31,nolimittb31,https://instagram.com/nolimittb,nolimittb,777296457980260353,32201,368,8730159.0,0.0,0.0,0.0,0.0,0.0,8730159.0
1630225,Isaiah Todd,https://twitter.com/zaytodd,zaytodd,https://instagram.com/zaytodd,zaytodd,701187065711616000,16723,3826,1500000.0,1563518.0,1836096.0,1988598.0,0.0,0.0,4899614.0
1630264,Anthony Gill,,,https://instagram.com/anthonygill.13,anthonygill.13,0,0,0,1517981.0,0.0,0.0,0.0,0.0,0.0,0.0
1630555,Joel Ayayi,https://twitter.com/joel_ayayi,joel_ayayi,https://instagram.com/joelayayi,joelayayi,3379657487,8713,288,53176.0,,,,,,
203526,Raul Neto,https://twitter.com/RaulTogni,RaulTogni,https://instagram.com/raulneto08,raulneto08,138273884,24542,680,2089448.0,0.0,0.0,0.0,0.0,0.0,2089448.0
1629655,Daniel Gafford,https://twitter.com/Dan_G33,Dan_G33,https://instagram.com/big.dandan,big.dandan,2979138789,23382,2880,1782621.0,1930681.0,12402000.0,13394160.0,14386320.0,0.0,43895782.0
1630557,Corey Kispert,https://twitter.com/corey_kispert,corey_kispert,https://instagram.com/ckis24,ckis24,4700775859,10497,605,3383640.0,3552960.0,3722040.0,5705887.0,0.0,0.0,6936600.0
203915,Spencer Dinwiddie,https://twitter.com/SDinwiddie_25,SDinwiddie_25,https://instagram.com/spencerdinwiddie,spencerdinwiddie,368148234,112939,33584,17142857.0,18000000.0,18857143.0,0.0,0.0,0.0,45142857.0
1628398,Kyle Kuzma,https://twitter.com/kylekuzma,kylekuzma,https://instagram.com/kuz,kuz,272616327,1127123,15401,13000000.0,13000000.0,13000000.0,0.0,0.0,0.0,26000000.0
202722,Davis Bertans,,,https://instagram.com/dbertans_42,dbertans_42,0,0,0,16000000.0,16000000.0,17000000.0,16000000.0,0.0,0.0,60000000.0
1630167,Obi Toppin,https://twitter.com/obitoppin1,obitoppin1,https://instagram.com/obitoppin_1,obitoppin_1,2221922403,42579,1588,5105160.0,5348280.0,6803012.0,0.0,0.0,0.0,10453440.0
1630540,Miles McBride,https://twitter.com/deucemcb11,deucemcb11,https://instagram.com/deucemcb11,deucemcb11,2941668388,21589,2944,925258.0,1563518.0,1836096.0,0.0,0.0,0.0,2488776.0
203457,Nerlens Noel,https://twitter.com/NerlensNoel3,NerlensNoel3,https://instagram.com/nerlensnoel3,nerlensnoel3,233414838,220615,4704,8800000.0,9240000.0,9680000.0,0.0,0.0,0.0,18040000.0
201565,Derrick Rose,https://twitter.com/drose,drose,https://instagram.com/drose,drose,612792060,2532308,91,13445120.0,14520730.0,15596339.0,0.0,0.0,0.0,27965850.0
1630193,Immanuel Quickley,https://twitter.com/IQ_GodSon,IQ_GodSon,https://instagram.com/immanuelquickley__,immanuelquickley__,3353240464,86023,4523,2210640.0,2316240.0,4171548.0,0.0,0.0,0.0,4526880.0
1629656,Quentin Grimes,https://twitter.com/qdotgrimes,qdotgrimes,https://instagram.com/qdotgrimes,qdotgrimes,2287541508,30403,4779,2168760.0,2277000.0,2385720.0,4296682.0,0.0,0.0,4445760.0
202689,Kemba Walker,https://twitter.com/KembaWalker,KembaWalker,https://instagram.com/_kw15,_kw15,270689028,467832,1063,17458040.0,18330942.0,0.0,0.0,0.0,0.0,71563991.0
1629628,RJ Barrett,https://twitter.com/RjBarrett6,RjBarrett6,https://instagram.com/rjbarrett,rjbarrett,545663382,197038,1025,8623920.0,10900635.0,0.0,0.0,0.0,0.0,19524555.0
203095,Evan Fournier,https://twitter.com/EvanFourmizz,EvanFourmizz,https://instagram.com/evanfournier10,evanfournier10,562362256,319349,9356,18139535.0,19046512.0,19953488.0,20860465.0,0.0,0.0,57139535.0
202692,Alec Burks,https://twitter.com/AlecBurks10,AlecBurks10,https://instagram.com/alecburks13,alecburks13,135323628,54702,155,9536000.0,10012800.0,10489600.0,0.0,0.0,0.0,19548800.0
1629629,Cam Reddish,https://twitter.com/camreddish,camreddish,https://instagram.com/camreddish,camreddish,467967001,84824,3907,4670160.0,5954454.0,0.0,0.0,0.0,0.0,10624614.0
1629011,Mitchell Robinson,https://twitter.com/23savage____,23savage____,https://instagram.com/mrobinson23_,mrobinson23_,4759046009,55983,973,1802057.0,0.0,0.0,0.0,0.0,0.0,1802057.0
203944,Julius Randle,https://twitter.com/J30_RANDLE,J30_RANDLE,https://instagram.com/juliusrandle30,juliusrandle30,180990505,476792,6175,19800000.0,23760000.0,25660800.0,27561600.0,29462400.0,0.0,96782400.0
1630579,Jericho Sims,,,https://instagram.com/jumpmansims,jumpmansims,0,0,0,53176.0,,,,,,
201959,Taj Gibson,https://twitter.com/TajGibson,TajGibson,https://instagram.com/tajgibson,tajgibson,73058561,323245,2326,4910000.0,5155500.0,0.0,0.0,0.0,0.0,4910000.0
1629677,Luka Samanic,https://twitter.com/SamanicLuka,SamanicLuka,https://instagram.com/lukasamanic9,lukasamanic9,831524135847211008,10358,370,53176.0,0.0,0.0,0.0,0.0,0.0,2959080.0
1629712,Didi Louzada,https://twitter.com/Didi,Didi,https://instagram.com/didi,didi,773171668814618624,22876,4640,1786878.0,1876222.0,1965566.0,2057646.0,0.0,0.0,3663100.0
1629627,Zion Williamson,https://twitter.com/Zionwilliamson,Zionwilliamson,https://instagram.com/zionwilliamson,zionwilliamson,3383587455,474397,892,10733400.0,13534817.0,0.0,0.0,0.0,0.0,10733400.0
1628404,Josh Hart,https://twitter.com/joshhart,joshhart,https://instagram.com/jhart,jhart,318095329,498861,9628,12000000.0,12960000.0,12960000.0,0.0,0.0,0.0,12000000.0
1628984,Devonte' Graham,https://twitter.com/Devonte4Graham,Devonte4Graham,https://instagram.com/dtaegraham,dtaegraham,991756067938840577,32927,1460,11000000.0,11550000.0,12100000.0,12650000.0,0.0,0.0,37500000.0
1630529,Herbert Jones,https://twitter.com/_hoopinglife,_hoopinglife,https://instagram.com/yung.ch0,yung.ch0,349466612,13169,1801,1700000.0,1785000.0,1836096.0,0.0,0.0,0.0,3485000.0
1629638,Nickeil Alexander-Walker,https://twitter.com/NickeilAW,NickeilAW,https://instagram.com/nickeilaw,nickeilaw,3016871537,13645,2935,3261480.0,5009633.0,0.0,0.0,0.0,0.0,8271113.0
1630230,Naji Marshall,https://twitter.com/MarshallNaji,MarshallNaji,https://instagram.com/najimarshall,najimarshall,1320853270382796800,673,206,1517981.0,1782621.0,1930681.0,0.0,0.0,0.0,1517981.0
1626195,Willy Hernangomez,https://twitter.com/willyhg94,willyhg94,https://instagram.com/willyhernangomez,willyhernangomez,325164911,78257,7246,2327220.0,2443581.0,2559942.0,0.0,0.0,0.0,4770801.0
1629637,Jaxson Hayes,https://twitter.com/hayes_jaxson,hayes_jaxson,https://instagram.com/jaxsonhayes,jaxsonhayes,3080699645,16107,1003,5348280.0,6803012.0,0.0,0.0,0.0,0.0,12151292.0
1629109,Gary Clark,https://twitter.com/Gary11_Clark,Gary11_Clark,https://instagram.com/gary6clark,gary6clark,329842989,11346,15179,377645.0,0.0,0.0,0.0,0.0,0.0,377645.0
1630184,Kira Lewis Jr.,,,https://instagram.com/kiralewis2,kiralewis2,0,0,0,3822240.0,4004280.0,5722116.0,0.0,0.0,0.0,7826520.0
1627742,Brandon Ingram,https://twitter.com/B_Ingram13,B_Ingram13,https://instagram.com/1ngram4,1ngram4,164557288,342175,380,29467800.0,31650600.0,33833400.0,36016200.0,0.0,0.0,130968000.0
1630631,Jose Alvarado,https://twitter.com/AlvaradoJose15,AlvaradoJose15,https://instagram.com/realrytejose,realrytejose,2362079219,6952,1933,53176.0,,,,,,
202685,Jonas Valanciunas,https://twitter.com/JValanciunas,JValanciunas,https://instagram.com/jvalanciunas,jvalanciunas,2227318080,176521,301,14000000.0,14700000.0,15435000.0,0.0,0.0,0.0,44135000.0
1630530,Trey Murphy III,https://twitter.com/treymurphy,treymurphy,https://instagram.com/treymurphy,treymurphy,2925188224,6195,2103,3053760.0,3206640.0,3359280.0,5159854.0,0.0,0.0,6260400.0
203107,Tomas Satoransky,https://twitter.com/satoransky,satoransky,https://instagram.com/tomasatoransky,tomasatoransky,756825420,19239,586,10000000.0,0.0,0.0,0.0,0.0,0.0,5000000.0
1629117,Wenyen Gabriel,https://twitter.com/WenyenGabriel,WenyenGabriel,https://instagram.com/wenyengabriel,wenyengabriel,364032864,36358,8720,397520.0,0.0,0.0,0.0,0.0,0.0,596280.0
202066,Garrett Temple,https://twitter.com/GTemp17,GTemp17,https://instagram.com/gtemp17,gtemp17,41861751,26406,16762,4910000.0,5155500.0,5401000.0,0.0,0.0,0.0,10065500.0
203933,T.J. Warren,https://twitter.com/TonyWarrenJr,TonyWarrenJr,https://instagram.com/t.warren1,t.warren1,289141917,52677,5183,12690000.0,0.0,0.0,0.0,0.0,0.0,12690000.0
1630537,Chris Duarte,https://twitter.com/C_Duarte5,C_Duarte5,https://instagram.com/christheoretduarte05,christheoretduarte05,1159248879914835970,14745,540,3749520.0,3936960.0,4124280.0,5893596.0,0.0,0.0,7686480.0
1630613,Duane Washington Jr.,https://twitter.com/dwizthekid4,dwizthekid4,https://www.instagram.com/dwizthekid,dwizthekid,1145718133535195141,4938,295,53176.0,,,,,,
202362,Lance Stephenson,https://twitter.com/StephensonLance,StephensonLance,https://instagram.com/stephensonlance,stephensonlance,372618047,235797,3894,690095.0,0.0,0.0,0.0,0.0,0.0,2346323.0
1627763,Malcolm Brogdon,https://twitter.com/MalcolmBrogdon7,MalcolmBrogdon7,https://instagram.com/malcolmbrogdon,malcolmbrogdon,1275824260091719682,14743,259,21700000.0,22600000.0,21634615.0,23365385.0,0.0,0.0,89300000.0
203200,Justin Holiday,https://twitter.com/JustHolla7,JustHolla7,https://instagram.com/justholla7,justholla7,1318989560,29535,5699,6006420.0,6292440.0,0.0,0.0,0.0,0.0,12298860.0
204456,T.J. McConnell,https://twitter.com/TJMcConnell,TJMcConnell,https://instagram.com/tjmcconnell,tjmcconnell,1947772669,54464,906,7500000.0,8100000.0,8700000.0,9300000.0,0.0,0.0,29300000.0
1627734,Domantas Sabonis,https://twitter.com/Dsabonis11,Dsabonis11,https://instagram.com/dsabonis11,dsabonis11,364013199,46460,558,18562500.0,19937500.0,21312500.0,0.0,0.0,0.0,59812500.0
1629052,Oshae Brissett,https://twitter.com/Obrissy,Obrissy,https://instagram.com/obrissy,obrissy,327603737,13286,20526,1701593.0,1846738.0,0.0,0.0,0.0,0.0,0.0
1628470,Torrey Craig,https://twitter.com/TCraig_23,TCraig_23,https://instagram.com/tcraig3_,tcraig3_,213455037,11369,32871,4878049.0,5121951.0,0.0,0.0,0.0,0.0,10000000.0
1627747,Caris LeVert,https://twitter.com/CarisLeVert,CarisLeVert,https://instagram.com/carislevert,carislevert,2623831606,51937,477,17500000.0,18796296.0,0.0,0.0,0.0,0.0,36296296.0
1630543,Isaiah Jackson,https://twitter.com/IJackson22,IJackson22,https://instagram.com/isaiahjackson22,isaiahjackson22,856614037735559168,14924,731,2451120.0,2573760.0,2696280.0,4435381.0,0.0,0.0,5024880.0
203087,Jeremy Lamb,https://twitter.com/jlamb,jlamb,https://instagram.com/jeremylamb1,jeremylamb1,303465692,47197,3319,10500000.0,0.0,0.0,0.0,0.0,0.0,10500000.0
1626208,Keifer Sykes,https://twitter.com/ksykesyb,ksykesyb,https://instagram.com/ksykesyb28,ksykesyb28,287512655,7961,19523,558345.0,1563518.0,0.0,0.0,0.0,0.0,0.0
1630678,Terry Taylor,https://twitter.com/TerryTaylor21,TerryTaylor21,https://instagram.com/tt.21,tt.21,1016386681040199680,1405,6506,53176.0,,,,,,
1626167,Myles Turner,https://twitter.com/Original_Turner,Original_Turner,https://instagram.com/turner_myles,turner_myles,560820176,111832,12069,18000000.0,18000000.0,0.0,0.0,0.0,0.0,36000000.0
1629048,Goga Bitadze,https://twitter.com/GogaBiitadze,GogaBiitadze,https://instagram.com/gogabitadaze,gogabitadaze,1151444386590470144,948,582,3098400.0,4765339.0,0.0,0.0,0.0,0.0,7863739.0
1630169,Tyrese Haliburton,https://twitter.com/TyHaliburton22,TyHaliburton22,https://instagram.com/tyresehaliburton,tyresehaliburton,1100946718693224448,55682,689,4023600.0,4215120.0,5808435.0,0.0,0.0,0.0,8238720.0
1629056,Terence Davis,https://twitter.com/TerenceDavisJr,TerenceDavisJr,https://instagram.com/terencedavisjr,terencedavisjr,344798709,17058,7448,4000000.0,4000000.0,0.0,0.0,0.0,0.0,8000000.0
1628368,De'Aaron Fox,https://twitter.com/swipathefox,swipathefox,https://instagram.com/swipathefox,swipathefox,4890418741,285469,857,28103550.0,30351834.0,32600118.0,34848402.0,37096686.0,0.0,163000590.0
1629002,Chimezie Metu,https://twitter.com/Chimezie_Metu,Chimezie_Metu,https://instagram.com/mezie,mezie,288535111,10436,11798,1762796.0,1910860.0,0.0,0.0,0.0,0.0,0.0
203090,Maurice Harkless,https://twitter.com/moe_harkless,moe_harkless,https://instagram.com/moe_harkless,moe_harkless,64307053,51717,456,4347600.0,4564980.0,0.0,0.0,0.0,0.0,8912580.0
202684,Tristan Thompson,https://twitter.com/RealTristan13,RealTristan13,https://instagram.com/realtristan13,realtristan13,66816759,661486,6133,9720900.0,0.0,0.0,0.0,0.0,0.0,9720900.0
1630558,Davion Mitchell,https://twitter.com/hoopculture13,hoopculture13,https://instagram.com/daaay____,daaay____,2202306567,19977,6152,4603320.0,4833600.0,5063760.0,6451230.0,0.0,0.0,9436920.0
1630218,Robert Woodard II,https://twitter.com/Raw2512,Raw2512,https://instagram.com/r__a__wii,r__a__wii,2885590794,7177,2343,1517981.0,1782621.0,1930681.0,0.0,0.0,0.0,1817981.0
1630186,Jahmi'us Ramsey,https://twitter.com/newanimprovedJR,newanimprovedJR,https://instagram.com/jramsey.3,jramsey.3,699844978286006272,10574,3353,1517981.0,1782621.0,0.0,0.0,0.0,0.0,1517981.0
1626158,Richaun Holmes,https://twitter.com/Rich_Holmes22,Rich_Holmes22,https://instagram.com/rich_holmes22,rich_holmes22,151284668,35485,29899,10384500.0,11215260.0,12046020.0,12876780.0,0.0,0.0,33645780.0
1629663,Louis King,https://twitter.com/LouisKing,LouisKing,https://instagram.com/louking,louking,775122046007336960,5932,601,53176.0,,,,,,
1627741,Buddy Hield,https://twitter.com/buddyhield,buddyhield,https://instagram.com/buddylove242,buddylove242,174520063,136671,9311,22477273.0,20522727.0,18568182.0,0.0,0.0,0.0,61568182.0
203458,Alex Len,https://twitter.com/alexlen,alexlen,https://instagram.com/alexlen_25,alexlen_25,1538825629,16714,371,3731707.0,3918293.0,0.0,0.0,0.0,0.0,7650000.0
1627745,Damian Jones,https://twitter.com/dameology,dameology,https://instagram.com/dameology,dameology,1684946220,24349,1322,1977011.0,0.0,0.0,0.0,0.0,0.0,0.0
1628963,Marvin Bagley III,https://twitter.com/MB3FIVE,MB3FIVE,https://instagram.com/mb3five,mb3five,2797019768,92338,1958,11312114.0,0.0,0.0,0.0,0.0,0.0,11312114.0
203084,Harrison Barnes,https://twitter.com/hbarnes,hbarnes,https://instagram.com/hbarnes,hbarnes,555393138,592490,5077,20284091.0,18352273.0,0.0,0.0,0.0,0.0,38636364.0
1629674,Neemias Queta,https://twitter.com/nemi1599,nemi1599,https://instagram.com/neemy23,neemy23,782491815689785344,33689,12435,53176.0,,,,,,
1628983,Shai Gilgeous-Alexander,https://twitter.com/shaiglalex,shaiglalex,https://instagram.com/shai,shai,2873604528,119944,1156,5495532.0,29750000.0,32130000.0,34510000.0,36890000.0,39270000.0,178045532.0
1630581,Josh Giddey,https://twitter.com/joshgiddey,joshgiddey,https://instagram.com/joshgiddey,joshgiddey,1150612989399093248,47257,95,5988000.0,6287400.0,6587040.0,8352367.0,0.0,0.0,12275400.0
1629652,Luguentz Dort,https://twitter.com/luthebeast,luthebeast,https://instagram.com/luthebeast,luthebeast,2949958191,32884,1380,1782621.0,1930681.0,0.0,0.0,0.0,0.0,625000.0
1629647,Darius Bazley,https://twitter.com/BazleyDarius,BazleyDarius,https://instagram.com/dariusbazley,dariusbazley,3011471122,21849,1520,2513040.0,4264629.0,0.0,0.0,0.0,0.0,6777669.0
1628778,Paul Watson,https://twitter.com/_PWJiii,_PWJiii,https://instagram.com/pwat3,pwat3,900192978,4592,7811,53176.0,,,,,,
1630177,Theo Maledon,,,https://instagram.com/theomaledon,theomaledon,0,0,0,2000000.0,1900000.0,1930681.0,0.0,0.0,0.0,2000000.0
202324,Derrick Favors,https://twitter.com/dfavors14,dfavors14,https://instagram.com/_dfavors15,_dfavors15,151728579,148837,1040,9720900.0,10183800.0,0.0,0.0,0.0,0.0,9720900.0
1629660,Ty Jerome,https://twitter.com/tyjerome_,tyjerome_,https://instagram.com/tyjerome_,tyjerome_,1116736652960047105,19866,424,2412840.0,4220057.0,0.0,0.0,0.0,0.0,6632897.0
1630197,Aleksej Pokusevski,https://twitter.com/aleksejpokusevs,aleksejpokusevs,https://instagram.com/17_poku,17_poku,2421052888,8678,38,3113160.0,3261480.0,5009633.0,0.0,0.0,0.0,6374640.0
1630598,Aaron Wiggins,https://twitter.com/Aaron_Wiggins_,Aaron_Wiggins_,https://instagram.com/a.wigg,a.wigg,2382906541,6308,3546,53176.0,,,,,,
1629676,Isaiah Roby,https://twitter.com/roby_isaiah,roby_isaiah,https://instagram.com/zayro,zayro,1444425812,18380,7123,1782621.0,1930681.0,0.0,0.0,0.0,0.0,0.0
1630544,Tre Mann,https://twitter.com/tre2mann3,tre2mann3,https://instagram.com/treshaunmann,treshaunmann,821878412382007296,15229,702,2901240.0,3046200.0,3191280.0,4908189.0,0.0,0.0,5947440.0
1629603,Mamadi Diakite,https://twitter.com/_mdiakite,_mdiakite,https://instagram.com/_mdiakite25,_mdiakite25,1262492749,14603,442,342312.0,0.0,0.0,0.0,0.0,0.0,1426936.0
1630249,Vit Krejci,https://twitter.com/v_krejci,v_krejci,https://instagram.com/vitaa_krejci,vitaa_krejci,838439480084348928,2077,74,925258.0,1563518.0,1836096.0,1988598.0,0.0,0.0,1707017.0
203488,Mike Muscala,,,,,0,0,0,3500000.0,3500000.0,0.0,0.0,0.0,0.0,3500000.0
1629026,Kenrich Williams,https://twitter.com/williamskenrich,williamskenrich,https://instagram.com/kenrich_williams,kenrich_williams,444357023,2889,1452,2000000.0,2000000.0,0.0,0.0,0.0,0.0,0.0
1630526,Jeremiah Robinson-Earl,https://twitter.com/JCREarl,JCREarl,https://instagram.com/jeremiah,jeremiah,2955618033,7790,273,2000000.0,2000000.0,1900000.0,1988598.0,0.0,0.0,4000000.0
1630607,Chris Smith,,,https://www.instagram.com/thecsmiff,thecsmiff,0,0,0,53176.0,,,,,,
1630595,Cade Cunningham,https://twitter.com/CadeCunningham_,CadeCunningham_,https://instagram.com/cadecunn1ngham,cadecunn1ngham,718191913468211201,78911,1747,10050120.0,10552800.0,11055240.0,13940658.0,0.0,0.0,20602920.0
1630199,Cassius Stanley,https://twitter.com/cassius_stanley,cassius_stanley,https://instagram.com/cassiusstanley,cassiusstanley,714803670,49521,4276,53176.0,,,,,,
1628402,Frank Jackson,https://twitter.com/FWJackson15,FWJackson15,https://instagram.com/franklinjackson5,franklinjackson5,2218539384,21227,1143,3000000.0,3150000.0,0.0,0.0,0.0,0.0,3000000.0
1628977,Hamidou Diallo,https://twitter.com/hamidoudiallo,hamidoudiallo,https://instagram.com/hami.diallo,hami.diallo,2513781202,67222,1059,5200000.0,5200000.0,0.0,0.0,0.0,0.0,5200000.0
1630165,Killian Hayes,https://twitter.com/iam_killian,iam_killian,https://instagram.com/iam_killian,iam_killian,1081639564228345860,16610,8,5572680.0,5837760.0,7413955.0,0.0,0.0,0.0,11410440.0
1626168,Trey Lyles,https://twitter.com/TreyLyles,TreyLyles,https://instagram.com/treylyles,treylyles,232901524,105545,14025,2500000.0,2625000.0,0.0,0.0,0.0,0.0,2500000.0
203924,Jerami Grant,https://twitter.com/JeramiGrant,JeramiGrant,https://instagram.com/jeramigrant,jeramigrant,272562079,51514,8444,20000000.0,20952381.0,0.0,0.0,0.0,0.0,40952381.0
1630587,Isaiah Livers,https://twitter.com/isaiah__02,isaiah__02,https://instagram.com/isaiah_livers,isaiah_livers,975249576,12020,12944,1057260.0,1563518.0,1836096.0,0.0,0.0,0.0,2620778.0
203482,Kelly Olynyk,https://twitter.com/KellyOlynyk,KellyOlynyk,https://instagram.com/kellyolynyk,kellyolynyk,281405595,79079,1575,12195122.0,12804878.0,12195122.0,0.0,0.0,0.0,28000000.0
203585,Rodney McGruder,https://twitter.com/RodneyMcGruder,RodneyMcGruder,https://instagram.com/rodneymcgruder,rodneymcgruder,1468865215,7943,136,1939350.0,0.0,0.0,0.0,0.0,0.0,1939350.0
202709,Cory Joseph,https://twitter.com/Cory_Joe,Cory_Joe,https://instagram.com/coryjoseph,coryjoseph,279697145,106505,835,14620000.0,10310000.0,0.0,0.0,0.0,0.0,14620000.0
1628367,Josh Jackson,https://twitter.com/j_josh11,j_josh11,https://instagram.com/josh_j11,josh_j11,2412019869,57947,1723,5005350.0,0.0,0.0,0.0,0.0,0.0,5005350.0
1630691,Jamorko Pickett,https://twitter.com/JamorkoP1,JamorkoP1,https://instagram.com/jamorkop1,jamorkop1,3539940015,1664,760,53176.0,,,,,,
1630191,Isaiah Stewart,https://twitter.com/Dreamville_33,Dreamville_33,https://instagram.com/the.isaiahstewart,the.isaiahstewart,3297734223,18108,2589,3277080.0,3433320.0,5266713.0,0.0,0.0,0.0,6710400.0
1630240,Saben Lee,https://twitter.com/SabenLee,SabenLee,https://instagram.com/_sabenlee,_sabenlee,3007277940,1936,3869,1489065.0,1752638.0,1902137.0,0.0,0.0,0.0,3241703.0
1630180,Saddiq Bey,https://twitter.com/_Beyyy15,_Beyyy15,https://instagram.com/saddiq.bey,saddiq.bey,756596850434596864,2929,15,2824320.0,2959080.0,4556983.0,0.0,0.0,0.0,5783400.0
1630568,Luka Garza,https://twitter.com/LukaG_55,LukaG_55,https://instagram.com/lgarza_55,lgarza_55,1374451580,35809,4262,925258.0,0.0,0.0,0.0,0.0,0.0,0.0
1628371,Jonathan Isaac,https://twitter.com/JJudahIsaac,JJudahIsaac,https://instagram.com/jonisaac_01,jonisaac_01,2172852233,109930,6326,17400000.0,17400000.0,17400000.0,17400000.0,0.0,0.0,69600000.0
1629643,Chuma Okeke,https://twitter.com/chuma_okeke,chuma_okeke,https://instagram.com/chumaokeke_,chumaokeke_,2200131510,15218,4950,3277080.0,3433320.0,5266713.0,0.0,0.0,0.0,6710400.0
1630591,Jalen Suggs,https://twitter.com/jalensuggs,jalensuggs,https://instagram.com/jalensuggs,jalensuggs,531506811,44669,1643,6593040.0,6922440.0,7252200.0,9188537.0,0.0,0.0,13515480.0
1628964,Mo Bamba,https://twitter.com/TheRealMoBamba,TheRealMoBamba,https://instagram.com/therealmobamba,therealmobamba,791091279580889089,38602,461,7568742.0,0.0,0.0,0.0,0.0,0.0,7568742.0
203487,Michael Carter-Williams,https://twitter.com/mcarterwilliams,mcarterwilliams,https://instagram.com/mcarterwilliams,mcarterwilliams,155782494,127011,13161,3000000.0,0.0,0.0,0.0,0.0,0.0,3000000.0
1630181,R.J. Hampton,https://twitter.com/RjHampton14,RjHampton14,https://instagram.com/rjhampton14,rjhampton14,736042213138796546,73080,6811,2303040.0,2412840.0,4220057.0,0.0,0.0,0.0,4715880.0
203914,Gary Harris,https://twitter.com/thats_G_,thats_G_,https://instagram.com/thats_g_,thats_g_,126458229,65182,18960,20482143.0,0.0,0.0,0.0,0.0,0.0,20482143.0
1629649,Ignas Brazdeikis,https://twitter.com/_iggy_braz,_iggy_braz,https://instagram.com/_iggy_braz_,_iggy_braz_,3307421506,23665,1433,53176.0,,,,,,
1628365,Markelle Fultz,https://twitter.com/MarkelleF,MarkelleF,https://instagram.com/markellefultz,markellefultz,1496917872,235150,8167,16500000.0,16500000.0,17000000.0,0.0,0.0,0.0,35000000.0
1629021,Moritz Wagner,https://twitter.com/moritz_weasley,moritz_weasley,https://instagram.com/moritz_weasley,moritz_weasley,542457164,62035,665,1729217.0,1878720.0,0.0,0.0,0.0,0.0,1729217.0
1630532,Franz Wagner,https://twitter.com/franzboogie,franzboogie,https://instagram.com/franz_weasley,franz_weasley,1404190041648242688,9749,6,5007840.0,5258280.0,5508720.0,7007092.0,0.0,0.0,10266120.0
1629678,Admiral Schofield,https://twitter.com/admiralelite15,admiralelite15,https://instagram.com/uncle_scho,uncle_scho,271186255,49803,17912,159528.0,0.0,0.0,0.0,0.0,0.0,639412.0
203082,Terrence Ross,https://twitter.com/TerrenceRoss,TerrenceRoss,https://instagram.com/terrence,terrence,231335961,204055,5041,12500000.0,11500000.0,0.0,0.0,0.0,0.0,24000000.0
201577,Robin Lopez,https://twitter.com/rolopez42,rolopez42,https://instagram.com/gustogummi88,gustogummi88,48028402,163745,3590,5000000.0,0.0,0.0,0.0,0.0,0.0,5000000.0
1628976,Wendell Carter Jr.,https://twitter.com/wendellcarter34,wendellcarter34,https://instagram.com/wendellcarterjr,wendellcarterjr,607519948,53150,858,6920027.0,14150000.0,13050000.0,11950000.0,10850000.0,0.0,50000000.0
1630175,Cole Anthony,https://twitter.com/The_ColeAnthony,The_ColeAnthony,https://instagram.com/the_cole.anthony,the_cole.anthony,3996123136,80763,2527,3449400.0,3613680.0,5539771.0,0.0,0.0,0.0,7063080.0
202734,E'Twaun Moore,https://twitter.com/ETwaun55,ETwaun55,https://instagram.com/etwaun_55,etwaun_55,270072188,33606,994,2641691.0,0.0,0.0,0.0,0.0,0.0,2641691.0
1630224,Jalen Green,https://twitter.com/JalenGreen,JalenGreen,https://instagram.com/jalen,jalen,701574192781602816,170837,1150,8992200.0,9441720.0,9891600.0,12483199.0,0.0,0.0,18433920.0
202322,John Wall,https://twitter.com/JohnWall,JohnWall,https://instagram.com/johnwall,johnwall,132389474,1908967,25950,44310840.0,47366760.0,0.0,0.0,0.0,0.0,44310840.0
1628021,David Nwaba,https://twitter.com/dnwaba0,dnwaba0,https://instagram.com/davidnwaba,davidnwaba,4809548058,10706,417,4650000.0,5022000.0,5394000.0,0.0,0.0,0.0,9672000.0
1629645,Kevin Porter Jr.,,,https://www.instagram.com/kevinporterjr/,kevinporterjr,0,0,0,2130240.0,3845083.0,0.0,0.0,0.0,0.0,5975323.0
1630231,Kenyon Martin Jr.,https://twitter.com/kj__martin,kj__martin,https://www.instagram.com/kenyonmartinjr/,kenyonmartinjr,3301348460,15757,1466,1517981.0,1782621.0,1930681.0,0.0,0.0,0.0,0.0
1629717,Armoni Brooks,https://twitter.com/snipabrooks_,snipabrooks_,https://instagram.com/snipabrooks,snipabrooks,1054933021038645249,9638,2432,1489065.0,1752638.0,1902137.0,2057646.0,0.0,0.0,1489065.0
1630256,Jae'Sean Tate,https://twitter.com/o_tate_,o_tate_,https://instagram.com/o_tate,o_tate,241354214,17387,7690,1517981.0,1782621.0,0.0,0.0,0.0,0.0,0.0
1630528,Josh Christopher,https://twitter.com/Jaygup23,Jaygup23,https://instagram.com/jaygup,jaygup,2321821272,96339,9893,2259240.0,2372160.0,2485200.0,4346615.0,0.0,0.0,4631400.0
201569,Eric Gordon,https://twitter.com/TheofficialEG10,TheofficialEG10,https://instagram.com/officialeg10,officialeg10,299242570,225392,2533,18218818.0,19568360.0,20917902.0,0.0,0.0,0.0,37787178.0
201571,D.J. Augustin,https://twitter.com/augustinDj14,augustinDj14,https://instagram.com/djaugustin,djaugustin,1145404516684226562,4851,212,7000000.0,7333333.0,0.0,0.0,0.0,0.0,7333333.0
1630227,Daishen Nix,https://twitter.com/djfromveg,djfromveg,https://instagram.com/djdaishen,djdaishen,4440258074,3215,873,53176.0,,,,,,
1630586,Usman Garuba,https://twitter.com/Usmangaruba,Usmangaruba,https://instagram.com/destusman,destusman,1067724298603892736,20089,214,2353320.0,2471160.0,2588400.0,4392515.0,0.0,0.0,4824480.0
1630243,Trevelin Queen,https://twitter.com/trev_up,trev_up,https://instagram.com/trevupnow_,trevupnow_,3335097551,3381,8718,53176.0,,,,,,
1629726,Garrison Mathews,https://twitter.com/gmathews_24,gmathews_24,https://instagram.com/garrison_mathews24,garrison_mathews24,3103332430,7030,1640,1093598.0,1815677.0,1968182.0,2230253.0,0.0,0.0,1093598.0
1628464,Daniel Theis,https://twitter.com/dtheis10,dtheis10,https://instagram.com/dtheis10,dtheis10,4044682379,51870,1393,8372093.0,8790698.0,9209302.0,9627907.0,0.0,0.0,36000000.0
1630578,Alperen Sengun,https://twitter.com/alperennsengun,alperennsengun,https://instagram.com/alperen.sengun,alperen.sengun,1101806852034232320,51526,60,3214680.0,3375480.0,3536400.0,5424838.0,0.0,0.0,6590160.0
1626174,Christian Wood,https://twitter.com/Chriswood_5,Chriswood_5,https://instagram.com/chriswood_5,chriswood_5,296065053,52377,781,13666667.0,14317459.0,0.0,0.0,0.0,0.0,27984126.0
